image_id,image_path,mask_path,width,height,channels,polyp_area_ratio,polyp_category,is_corrupted,is_shape_mismatch,split,kfold_5
cju0qkwl35piu0993l0dewei2,Kvasir-SEG\images\cju0qkwl35piu0993l0dewei2.jpg,Kvasir-SEG\masks\cju0qkwl35piu0993l0dewei2.jpg,622,529,3,0.282773,large,False,False,train,3
cju0qoxqj9q6s0835b43399p4,Kvasir-SEG\images\cju0qoxqj9q6s0835b43399p4.jpg,Kvasir-SEG\masks\cju0qoxqj9q6s0835b43399p4.jpg,1348,1070,3,0.270595,large,False,False,test,2
cju0qx73cjw570799j4n5cjze,Kvasir-SEG\images\cju0qx73cjw570799j4n5cjze.jpg,Kvasir-SEG\masks\cju0qx73cjw570799j4n5cjze.jpg,619,529,3,0.318826,large,False,False,train,2
cju0roawvklrq0799vmjorwfv,Kvasir-SEG\images\cju0roawvklrq0799vmjorwfv.jpg,Kvasir-SEG\masks\cju0roawvklrq0799vmjorwfv.jpg,622,528,3,0.108497,medium,False,False,train,3
cju0rx1idathl0835detmsp84,Kvasir-SEG\images\cju0rx1idathl0835detmsp84.jpg,Kvasir-SEG\masks\cju0rx1idathl0835detmsp84.jpg,617,528,3,0.072768,medium,False,False,train,3
cju0s2a9ekvms080138tjjpxr,Kvasir-SEG\images\cju0s2a9ekvms080138tjjpxr.jpg,Kvasir-SEG\masks\cju0s2a9ekvms080138tjjpxr.jpg,626,547,3,0.207122,large,False,False,val,4
cju0s690hkp960855tjuaqvv0,Kvasir-SEG\images\cju0s690hkp960855tjuaqvv0.jpg,Kvasir-SEG\masks\cju0s690hkp960855tjuaqvv0.jpg,621,530,3,0.036624,small,False,False,train,4
cju0sr5ghl0nd08789uzf1raf,Kvasir-SEG\images\cju0sr5ghl0nd08789uzf1raf.jpg,Kvasir-SEG\masks\cju0sr5ghl0nd08789uzf1raf.jpg,1214,1019,3,0.13353,medium,False,False,train,0
cju0sxqiclckk08551ycbwhno,Kvasir-SEG\images\cju0sxqiclckk08551ycbwhno.jpg,Kvasir-SEG\masks\cju0sxqiclckk08551ycbwhno.jpg,570,531,3,0.043506,small,False,False,train,3
cju0t4oil7vzk099370nun5h9,Kvasir-SEG\images\cju0t4oil7vzk099370nun5h9.jpg,Kvasir-SEG\masks\cju0t4oil7vzk099370nun5h9.jpg,622,530,3,0.33989,large,False,False,train,0
cju0tl3uz8blh0993wxvn7ly3,Kvasir-SEG\images\cju0tl3uz8blh0993wxvn7ly3.jpg,Kvasir-SEG\masks\cju0tl3uz8blh0993wxvn7ly3.jpg,622,529,3,0.005273,small,False,False,train,1
cju0u2g7pmnux0801vkk47ivj,Kvasir-SEG\images\cju0u2g7pmnux0801vkk47ivj.jpg,Kvasir-SEG\masks\cju0u2g7pmnux0801vkk47ivj.jpg,611,530,3,0.292379,large,False,False,train,4
cju0u82z3cuma0835wlxrnrjv,Kvasir-SEG\images\cju0u82z3cuma0835wlxrnrjv.jpg,Kvasir-SEG\masks\cju0u82z3cuma0835wlxrnrjv.jpg,626,546,3,0.246931,large,False,False,train,2
cju0ue769mxii08019zqgdbxn,Kvasir-SEG\images\cju0ue769mxii08019zqgdbxn.jpg,Kvasir-SEG\masks\cju0ue769mxii08019zqgdbxn.jpg,626,547,3,0.047739,small,False,False,val,3
cju0vtox5ain6099360pu62rp,Kvasir-SEG\images\cju0vtox5ain6099360pu62rp.jpg,Kvasir-SEG\masks\cju0vtox5ain6099360pu62rp.jpg,622,531,3,0.044547,small,False,False,train,4
cju13cgqmnhwn0988yrainhcp,Kvasir-SEG\images\cju13cgqmnhwn0988yrainhcp.jpg,Kvasir-SEG\masks\cju13cgqmnhwn0988yrainhcp.jpg,626,546,3,0.124279,medium,False,False,test,4
cju13fwthn9mq0835gacxgy01,Kvasir-SEG\images\cju13fwthn9mq0835gacxgy01.jpg,Kvasir-SEG\masks\cju13fwthn9mq0835gacxgy01.jpg,623,529,3,0.138463,medium,False,False,train,1
cju13hp5rnbjx0835bf0jowgx,Kvasir-SEG\images\cju13hp5rnbjx0835bf0jowgx.jpg,Kvasir-SEG\masks\cju13hp5rnbjx0835bf0jowgx.jpg,622,531,3,0.106542,medium,False,False,test,3
cju14g8o4xui30878gkgbrvqj,Kvasir-SEG\images\cju14g8o4xui30878gkgbrvqj.jpg,Kvasir-SEG\masks\cju14g8o4xui30878gkgbrvqj.jpg,622,531,3,0.025802,small,False,False,test,3
cju14hjh2ob2o0835ouz3r5aa,Kvasir-SEG\images\cju14hjh2ob2o0835ouz3r5aa.jpg,Kvasir-SEG\masks\cju14hjh2ob2o0835ouz3r5aa.jpg,609,546,3,0.125474,medium,False,False,train,2
cju14pxbaoksp0835qzorx6g6,Kvasir-SEG\images\cju14pxbaoksp0835qzorx6g6.jpg,Kvasir-SEG\masks\cju14pxbaoksp0835qzorx6g6.jpg,622,530,3,0.071768,medium,False,False,train,3
cju15czxqp3lv0835jvhgzurz,Kvasir-SEG\images\cju15czxqp3lv0835jvhgzurz.jpg,Kvasir-SEG\masks\cju15czxqp3lv0835jvhgzurz.jpg,620,547,3,0.272988,large,False,False,train,2
cju15jr8jz8sb0855ukmkswkz,Kvasir-SEG\images\cju15jr8jz8sb0855ukmkswkz.jpg,Kvasir-SEG\masks\cju15jr8jz8sb0855ukmkswkz.jpg,594,528,3,0.313925,large,False,False,train,1
cju15l5ubz9yh0855b3ivdpse,Kvasir-SEG\images\cju15l5ubz9yh0855b3ivdpse.jpg,Kvasir-SEG\masks\cju15l5ubz9yh0855b3ivdpse.jpg,626,547,3,0.034825,small,False,False,train,1
cju15mhjczc8z0801kit5c6di,Kvasir-SEG\images\cju15mhjczc8z0801kit5c6di.jpg,Kvasir-SEG\masks\cju15mhjczc8z0801kit5c6di.jpg,624,546,3,0.134686,medium,False,False,test,3
cju15ptjtppz40988odsm9azx,Kvasir-SEG\images\cju15ptjtppz40988odsm9azx.jpg,Kvasir-SEG\masks\cju15ptjtppz40988odsm9azx.jpg,622,529,3,0.059489,medium,False,False,train,0
cju15wdt3zla10801odjiw7sy,Kvasir-SEG\images\cju15wdt3zla10801odjiw7sy.jpg,Kvasir-SEG\masks\cju15wdt3zla10801odjiw7sy.jpg,622,529,3,0.163565,medium,False,False,train,0
cju160wshltz10993i1gmqxbe,Kvasir-SEG\images\cju160wshltz10993i1gmqxbe.jpg,Kvasir-SEG\masks\cju160wshltz10993i1gmqxbe.jpg,607,530,3,0.026521,small,False,False,val,0
cju16ach3m1da0993r1dq3sn2,Kvasir-SEG\images\cju16ach3m1da0993r1dq3sn2.jpg,Kvasir-SEG\masks\cju16ach3m1da0993r1dq3sn2.jpg,616,528,3,0.266529,large,False,False,train,1
cju16b6ynq8e40988m8vx0xnj,Kvasir-SEG\images\cju16b6ynq8e40988m8vx0xnj.jpg,Kvasir-SEG\masks\cju16b6ynq8e40988m8vx0xnj.jpg,571,530,3,0.018432,small,False,False,train,2
cju16d65tzw9d0799ouslsw25,Kvasir-SEG\images\cju16d65tzw9d0799ouslsw25.jpg,Kvasir-SEG\masks\cju16d65tzw9d0799ouslsw25.jpg,481,530,3,0.046723,small,False,False,train,3
cju16fpvhzypl0799p9phnlx6,Kvasir-SEG\images\cju16fpvhzypl0799p9phnlx6.jpg,Kvasir-SEG\masks\cju16fpvhzypl0799p9phnlx6.jpg,626,546,3,0.105686,medium,False,False,val,4
cju16jgnyzp970878melv7r25,Kvasir-SEG\images\cju16jgnyzp970878melv7r25.jpg,Kvasir-SEG\masks\cju16jgnyzp970878melv7r25.jpg,560,529,3,0.116446,medium,False,False,train,4
cju16whaj0e7n0855q7b6cjkm,Kvasir-SEG\images\cju16whaj0e7n0855q7b6cjkm.jpg,Kvasir-SEG\masks\cju16whaj0e7n0855q7b6cjkm.jpg,626,547,3,0.260068,large,False,False,train,1
cju171py4qiha0835u8sl59ds,Kvasir-SEG\images\cju171py4qiha0835u8sl59ds.jpg,Kvasir-SEG\masks\cju171py4qiha0835u8sl59ds.jpg,616,530,3,0.366372,large,False,False,train,1
cju175facms5f0993a5tjikvt,Kvasir-SEG\images\cju175facms5f0993a5tjikvt.jpg,Kvasir-SEG\masks\cju175facms5f0993a5tjikvt.jpg,621,528,3,0.230149,large,False,False,train,4
cju17bz250pgd0799u1hqkj5u,Kvasir-SEG\images\cju17bz250pgd0799u1hqkj5u.jpg,Kvasir-SEG\masks\cju17bz250pgd0799u1hqkj5u.jpg,626,547,3,0.090581,medium,False,False,train,0
cju17g6ykn1cs0993dww6qdi8,Kvasir-SEG\images\cju17g6ykn1cs0993dww6qdi8.jpg,Kvasir-SEG\masks\cju17g6ykn1cs0993dww6qdi8.jpg,605,510,3,0.313991,large,False,False,train,4
cju17hw9hr9c5098800fu4u8e,Kvasir-SEG\images\cju17hw9hr9c5098800fu4u8e.jpg,Kvasir-SEG\masks\cju17hw9hr9c5098800fu4u8e.jpg,623,528,3,0.024071,small,False,False,train,4
cju17otoe119u0799nqcbl8n1,Kvasir-SEG\images\cju17otoe119u0799nqcbl8n1.jpg,Kvasir-SEG\masks\cju17otoe119u0799nqcbl8n1.jpg,519,511,3,0.61688,large,False,False,test,4
cju17r8il13910799dr2wme2e,Kvasir-SEG\images\cju17r8il13910799dr2wme2e.jpg,Kvasir-SEG\masks\cju17r8il13910799dr2wme2e.jpg,622,531,3,0.012056,small,False,False,train,1
cju17v6ih0u7808783zcbg1jy,Kvasir-SEG\images\cju17v6ih0u7808783zcbg1jy.jpg,Kvasir-SEG\masks\cju17v6ih0u7808783zcbg1jy.jpg,622,528,3,0.350829,large,False,False,train,0
cju17x0j4nfc10993y31pvlgs,Kvasir-SEG\images\cju17x0j4nfc10993y31pvlgs.jpg,Kvasir-SEG\masks\cju17x0j4nfc10993y31pvlgs.jpg,459,526,3,0.702565,large,False,False,train,0
cju17z0qongpa0993de4boim4,Kvasir-SEG\images\cju17z0qongpa0993de4boim4.jpg,Kvasir-SEG\masks\cju17z0qongpa0993de4boim4.jpg,622,529,3,0.050803,medium,False,False,val,4
cju1819curo000988pd5xcqme,Kvasir-SEG\images\cju1819curo000988pd5xcqme.jpg,Kvasir-SEG\masks\cju1819curo000988pd5xcqme.jpg,600,529,3,0.107382,medium,False,False,train,1
cju183od81ff608017ekzif89,Kvasir-SEG\images\cju183od81ff608017ekzif89.jpg,Kvasir-SEG\masks\cju183od81ff608017ekzif89.jpg,622,511,3,0.152563,medium,False,False,test,4
cju1871y11d6r0799k6cw4yze,Kvasir-SEG\images\cju1871y11d6r0799k6cw4yze.jpg,Kvasir-SEG\masks\cju1871y11d6r0799k6cw4yze.jpg,480,531,3,0.152868,medium,False,False,val,2
cju18849rrsgr0988p90hkygb,Kvasir-SEG\images\cju18849rrsgr0988p90hkygb.jpg,Kvasir-SEG\masks\cju18849rrsgr0988p90hkygb.jpg,619,528,3,0.114674,medium,False,False,train,0
cju18gzrq18zw0878wbf4ftw6,Kvasir-SEG\images\cju18gzrq18zw0878wbf4ftw6.jpg,Kvasir-SEG\masks\cju18gzrq18zw0878wbf4ftw6.jpg,626,546,3,0.076481,medium,False,False,train,2
cju18ibp219ub08783i6o98g7,Kvasir-SEG\images\cju18ibp219ub08783i6o98g7.jpg,Kvasir-SEG\masks\cju18ibp219ub08783i6o98g7.jpg,615,528,3,0.018527,small,False,False,train,0
cju18kevfrojc0835bn90f1in,Kvasir-SEG\images\cju18kevfrojc0835bn90f1in.jpg,Kvasir-SEG\masks\cju18kevfrojc0835bn90f1in.jpg,621,528,3,0.053424,medium,False,False,train,4
cju1alwgo30z60855fm3y23sm,Kvasir-SEG\images\cju1alwgo30z60855fm3y23sm.jpg,Kvasir-SEG\masks\cju1alwgo30z60855fm3y23sm.jpg,622,529,3,0.084923,medium,False,False,test,4
cju1amqw6p8pw0993d9gc5crl,Kvasir-SEG\images\cju1amqw6p8pw0993d9gc5crl.jpg,Kvasir-SEG\masks\cju1amqw6p8pw0993d9gc5crl.jpg,622,547,3,0.024477,small,False,False,train,4
cju1aqqv02qwz0878a5cyhr67,Kvasir-SEG\images\cju1aqqv02qwz0878a5cyhr67.jpg,Kvasir-SEG\masks\cju1aqqv02qwz0878a5cyhr67.jpg,626,547,3,0.056027,medium,False,False,train,1
cju1ats0y372e08011yazcsxm,Kvasir-SEG\images\cju1ats0y372e08011yazcsxm.jpg,Kvasir-SEG\masks\cju1ats0y372e08011yazcsxm.jpg,623,528,3,0.155896,medium,False,False,train,4
cju1b0y2e396p08558ois175d,Kvasir-SEG\images\cju1b0y2e396p08558ois175d.jpg,Kvasir-SEG\masks\cju1b0y2e396p08558ois175d.jpg,626,546,3,0.040378,small,False,False,train,2
cju1b3zgj3d8e0801kpolea6c,Kvasir-SEG\images\cju1b3zgj3d8e0801kpolea6c.jpg,Kvasir-SEG\masks\cju1b3zgj3d8e0801kpolea6c.jpg,601,528,3,0.141737,medium,False,False,train,4
cju1b75x63ddl0799sdp0i2j3,Kvasir-SEG\images\cju1b75x63ddl0799sdp0i2j3.jpg,Kvasir-SEG\masks\cju1b75x63ddl0799sdp0i2j3.jpg,549,530,3,0.06722,medium,False,False,val,4
cju1bhnfitmge0835ynls0l6b,Kvasir-SEG\images\cju1bhnfitmge0835ynls0l6b.jpg,Kvasir-SEG\masks\cju1bhnfitmge0835ynls0l6b.jpg,622,531,3,0.081912,medium,False,False,test,3
cju1bm8063nmh07996rsjjemq,Kvasir-SEG\images\cju1bm8063nmh07996rsjjemq.jpg,Kvasir-SEG\masks\cju1bm8063nmh07996rsjjemq.jpg,607,530,3,0.243735,large,False,False,train,2
cju1brhsj3rls0855a1vgdlen,Kvasir-SEG\images\cju1brhsj3rls0855a1vgdlen.jpg,Kvasir-SEG\masks\cju1brhsj3rls0855a1vgdlen.jpg,570,530,3,0.039871,small,False,False,train,1
cju1c0qb4tzi308355wtsnp0y,Kvasir-SEG\images\cju1c0qb4tzi308355wtsnp0y.jpg,Kvasir-SEG\masks\cju1c0qb4tzi308355wtsnp0y.jpg,622,530,3,0.349026,large,False,False,train,2
cju1c3218411b08014g9f6gig,Kvasir-SEG\images\cju1c3218411b08014g9f6gig.jpg,Kvasir-SEG\masks\cju1c3218411b08014g9f6gig.jpg,626,546,3,0.158943,medium,False,False,train,4
cju1c4fcu40hl07992b8gj0c8,Kvasir-SEG\images\cju1c4fcu40hl07992b8gj0c8.jpg,Kvasir-SEG\masks\cju1c4fcu40hl07992b8gj0c8.jpg,626,546,3,0.054392,medium,False,False,train,1
cju1c6yfz42md08550zgoz3pw,Kvasir-SEG\images\cju1c6yfz42md08550zgoz3pw.jpg,Kvasir-SEG\masks\cju1c6yfz42md08550zgoz3pw.jpg,536,530,3,0.267671,large,False,False,train,0
cju1c8ffau5770835g0g343o8,Kvasir-SEG\images\cju1c8ffau5770835g0g343o8.jpg,Kvasir-SEG\masks\cju1c8ffau5770835g0g343o8.jpg,622,529,3,0.035616,small,False,False,test,0
cju1cbokpuiw70988j4lq1fpi,Kvasir-SEG\images\cju1cbokpuiw70988j4lq1fpi.jpg,Kvasir-SEG\masks\cju1cbokpuiw70988j4lq1fpi.jpg,615,529,3,0.042123,small,False,False,train,4
cju1cdxvz48hw0801i0fjwcnk,Kvasir-SEG\images\cju1cdxvz48hw0801i0fjwcnk.jpg,Kvasir-SEG\masks\cju1cdxvz48hw0801i0fjwcnk.jpg,577,505,3,0.064286,medium,False,False,train,3
cju1cfhyg48bb0799cl5pr2jh,Kvasir-SEG\images\cju1cfhyg48bb0799cl5pr2jh.jpg,Kvasir-SEG\masks\cju1cfhyg48bb0799cl5pr2jh.jpg,626,547,3,0.164172,medium,False,False,val,1
cju1cj3f0qi5n0993ut8f49rj,Kvasir-SEG\images\cju1cj3f0qi5n0993ut8f49rj.jpg,Kvasir-SEG\masks\cju1cj3f0qi5n0993ut8f49rj.jpg,616,530,3,0.234691,large,False,False,test,0
cju1cnnziug1l0835yh4ropyg,Kvasir-SEG\images\cju1cnnziug1l0835yh4ropyg.jpg,Kvasir-SEG\masks\cju1cnnziug1l0835yh4ropyg.jpg,570,531,3,0.192692,medium,False,False,train,0
cju1cqc7n4gpy0855jt246k68,Kvasir-SEG\images\cju1cqc7n4gpy0855jt246k68.jpg,Kvasir-SEG\masks\cju1cqc7n4gpy0855jt246k68.jpg,616,529,3,0.034508,small,False,False,train,3
cju1csmlc4ht10799b8ymmghg,Kvasir-SEG\images\cju1csmlc4ht10799b8ymmghg.jpg,Kvasir-SEG\masks\cju1csmlc4ht10799b8ymmghg.jpg,612,546,3,0.130818,medium,False,False,test,0
cju1cu1u2474n0878tt7v4tdr,Kvasir-SEG\images\cju1cu1u2474n0878tt7v4tdr.jpg,Kvasir-SEG\masks\cju1cu1u2474n0878tt7v4tdr.jpg,621,531,3,0.020576,small,False,False,train,2
cju1cvkfwqrec0993wbp1jlzm,Kvasir-SEG\images\cju1cvkfwqrec0993wbp1jlzm.jpg,Kvasir-SEG\masks\cju1cvkfwqrec0993wbp1jlzm.jpg,622,531,3,0.042103,small,False,False,train,3
cju1cyjb5qtie0993njqne9m3,Kvasir-SEG\images\cju1cyjb5qtie0993njqne9m3.jpg,Kvasir-SEG\masks\cju1cyjb5qtie0993njqne9m3.jpg,626,547,3,0.507234,large,False,False,test,4
cju1d31sp4d4k0878r3fr02ul,Kvasir-SEG\images\cju1d31sp4d4k0878r3fr02ul.jpg,Kvasir-SEG\masks\cju1d31sp4d4k0878r3fr02ul.jpg,622,529,3,0.082191,medium,False,False,train,2
cju1d50a94qf50855wsowacrc,Kvasir-SEG\images\cju1d50a94qf50855wsowacrc.jpg,Kvasir-SEG\masks\cju1d50a94qf50855wsowacrc.jpg,622,530,3,0.060602,medium,False,False,test,2
cju1d96gsv62d09881b3wecw2,Kvasir-SEG\images\cju1d96gsv62d09881b3wecw2.jpg,Kvasir-SEG\masks\cju1d96gsv62d09881b3wecw2.jpg,622,528,3,0.252774,large,False,False,train,4
cju1ddr6p4k5z08780uuuzit2,Kvasir-SEG\images\cju1ddr6p4k5z08780uuuzit2.jpg,Kvasir-SEG\masks\cju1ddr6p4k5z08780uuuzit2.jpg,570,531,3,0.031751,small,False,False,train,4
cju1dfeupuzlw0835gnxip369,Kvasir-SEG\images\cju1dfeupuzlw0835gnxip369.jpg,Kvasir-SEG\masks\cju1dfeupuzlw0835gnxip369.jpg,1348,1070,3,0.071276,medium,False,False,train,2
cju1dg44i4z3w0801nyz4p6zf,Kvasir-SEG\images\cju1dg44i4z3w0801nyz4p6zf.jpg,Kvasir-SEG\masks\cju1dg44i4z3w0801nyz4p6zf.jpg,623,528,3,0.00884,small,False,False,train,4
cju1dhfok4mhe0878jlgrag0h,Kvasir-SEG\images\cju1dhfok4mhe0878jlgrag0h.jpg,Kvasir-SEG\masks\cju1dhfok4mhe0878jlgrag0h.jpg,626,546,3,0.061019,medium,False,False,test,0
cju1dia8hvc6v098827mgffnm,Kvasir-SEG\images\cju1dia8hvc6v098827mgffnm.jpg,Kvasir-SEG\masks\cju1dia8hvc6v098827mgffnm.jpg,616,528,3,0.042448,small,False,False,train,1
cju1djtprvd7b0988thwwrg09,Kvasir-SEG\images\cju1djtprvd7b0988thwwrg09.jpg,Kvasir-SEG\masks\cju1djtprvd7b0988thwwrg09.jpg,590,529,3,0.059681,medium,False,False,test,3
cju1dnz61vfp40988e78bkjga,Kvasir-SEG\images\cju1dnz61vfp40988e78bkjga.jpg,Kvasir-SEG\masks\cju1dnz61vfp40988e78bkjga.jpg,627,547,3,0.058066,medium,False,False,train,2
cju1dq3x1vgx109889c7wyirg,Kvasir-SEG\images\cju1dq3x1vgx109889c7wyirg.jpg,Kvasir-SEG\masks\cju1dq3x1vgx109889c7wyirg.jpg,617,513,3,0.108246,medium,False,False,train,1
cju1drnhbrb9409935wi7vkhg,Kvasir-SEG\images\cju1drnhbrb9409935wi7vkhg.jpg,Kvasir-SEG\masks\cju1drnhbrb9409935wi7vkhg.jpg,619,529,3,0.365288,large,False,False,train,3
cju1efbr0rqxz09931z0lf4vf,Kvasir-SEG\images\cju1efbr0rqxz09931z0lf4vf.jpg,Kvasir-SEG\masks\cju1efbr0rqxz09931z0lf4vf.jpg,622,529,3,0.060042,medium,False,False,val,1
cju1egh885m1l0855ci1lt37c,Kvasir-SEG\images\cju1egh885m1l0855ci1lt37c.jpg,Kvasir-SEG\masks\cju1egh885m1l0855ci1lt37c.jpg,566,531,3,0.024878,small,False,False,val,1
cju1egx9pvz2n0988eoy8jp23,Kvasir-SEG\images\cju1egx9pvz2n0988eoy8jp23.jpg,Kvasir-SEG\masks\cju1egx9pvz2n0988eoy8jp23.jpg,622,529,3,0.015849,small,False,False,train,0
cju1ejj7dvqfa0835ra184v5m,Kvasir-SEG\images\cju1ejj7dvqfa0835ra184v5m.jpg,Kvasir-SEG\masks\cju1ejj7dvqfa0835ra184v5m.jpg,619,547,3,0.149557,medium,False,False,train,3
cju1erep75us208553i4ofwwe,Kvasir-SEG\images\cju1erep75us208553i4ofwwe.jpg,Kvasir-SEG\masks\cju1erep75us208553i4ofwwe.jpg,613,547,3,0.177122,medium,False,False,train,1
cju1euant5l960878iqj5vvto,Kvasir-SEG\images\cju1euant5l960878iqj5vvto.jpg,Kvasir-SEG\masks\cju1euant5l960878iqj5vvto.jpg,622,531,3,0.058044,medium,False,False,val,0
cju1euuc65wm00799m4sjdnnn,Kvasir-SEG\images\cju1euuc65wm00799m4sjdnnn.jpg,Kvasir-SEG\masks\cju1euuc65wm00799m4sjdnnn.jpg,570,530,3,0.037627,small,False,False,train,2
cju1ewnoh5z030855vpex9uzt,Kvasir-SEG\images\cju1ewnoh5z030855vpex9uzt.jpg,Kvasir-SEG\masks\cju1ewnoh5z030855vpex9uzt.jpg,622,529,3,0.101867,medium,False,False,val,1
cju1expq45zst0855rjqwwj4m,Kvasir-SEG\images\cju1expq45zst0855rjqwwj4m.jpg,Kvasir-SEG\masks\cju1expq45zst0855rjqwwj4m.jpg,622,529,3,0.282214,large,False,False,val,3
cju1f15k3w4ct0835cmde6ypo,Kvasir-SEG\images\cju1f15k3w4ct0835cmde6ypo.jpg,Kvasir-SEG\masks\cju1f15k3w4ct0835cmde6ypo.jpg,572,547,3,0.130876,medium,False,False,test,2
cju1f320ewfyu0988ndz6blh5,Kvasir-SEG\images\cju1f320ewfyu0988ndz6blh5.jpg,Kvasir-SEG\masks\cju1f320ewfyu0988ndz6blh5.jpg,571,530,3,0.108707,medium,False,False,train,3
cju1f5x1164xv08555654c24r,Kvasir-SEG\images\cju1f5x1164xv08555654c24r.jpg,Kvasir-SEG\masks\cju1f5x1164xv08555654c24r.jpg,622,530,3,0.121917,medium,False,False,val,1
cju1f79yhsb5w0993txub59ol,Kvasir-SEG\images\cju1f79yhsb5w0993txub59ol.jpg,Kvasir-SEG\masks\cju1f79yhsb5w0993txub59ol.jpg,623,528,3,0.010734,small,False,False,train,3
cju1f8w0t65en0799m9oacq0q,Kvasir-SEG\images\cju1f8w0t65en0799m9oacq0q.jpg,Kvasir-SEG\masks\cju1f8w0t65en0799m9oacq0q.jpg,622,528,3,0.092401,medium,False,False,test,4
cju1fb9236a110801yvg0fwju,Kvasir-SEG\images\cju1fb9236a110801yvg0fwju.jpg,Kvasir-SEG\masks\cju1fb9236a110801yvg0fwju.jpg,626,547,3,0.316601,large,False,False,train,3
cju1ffnjn6ctm08015perkg37,Kvasir-SEG\images\cju1ffnjn6ctm08015perkg37.jpg,Kvasir-SEG\masks\cju1ffnjn6ctm08015perkg37.jpg,626,547,3,0.208772,large,False,False,train,2
cju1fj6axwfp30835ukhuzhw9,Kvasir-SEG\images\cju1fj6axwfp30835ukhuzhw9.jpg,Kvasir-SEG\masks\cju1fj6axwfp30835ukhuzhw9.jpg,576,547,3,0.243957,large,False,False,train,0
cju1fjsb4sipq09931lvd8e41,Kvasir-SEG\images\cju1fjsb4sipq09931lvd8e41.jpg,Kvasir-SEG\masks\cju1fjsb4sipq09931lvd8e41.jpg,622,530,3,0.069532,medium,False,False,train,1
cju1fm3id6gl50801r3fok20c,Kvasir-SEG\images\cju1fm3id6gl50801r3fok20c.jpg,Kvasir-SEG\masks\cju1fm3id6gl50801r3fok20c.jpg,622,531,3,0.026493,small,False,False,test,3
cju1fmsyf6gxb0801cimx2gle,Kvasir-SEG\images\cju1fmsyf6gxb0801cimx2gle.jpg,Kvasir-SEG\masks\cju1fmsyf6gxb0801cimx2gle.jpg,570,531,3,0.07945,medium,False,False,test,4
cju1fr4etsmrr09933u4t4aql,Kvasir-SEG\images\cju1fr4etsmrr09933u4t4aql.jpg,Kvasir-SEG\masks\cju1fr4etsmrr09933u4t4aql.jpg,570,521,3,0.279688,large,False,False,val,4
cju1ftaji6isw0855108yqcse,Kvasir-SEG\images\cju1ftaji6isw0855108yqcse.jpg,Kvasir-SEG\masks\cju1ftaji6isw0855108yqcse.jpg,562,502,3,0.146471,medium,False,False,train,3
cju1fuoa4wmc50835qfd11sp9,Kvasir-SEG\images\cju1fuoa4wmc50835qfd11sp9.jpg,Kvasir-SEG\masks\cju1fuoa4wmc50835qfd11sp9.jpg,621,528,3,0.081863,medium,False,False,train,4
cju1fyb1d69et0878muzdak9u,Kvasir-SEG\images\cju1fyb1d69et0878muzdak9u.jpg,Kvasir-SEG\masks\cju1fyb1d69et0878muzdak9u.jpg,622,528,3,0.098838,medium,False,False,test,1
cju1g20bdwq6u0835e16xugcd,Kvasir-SEG\images\cju1g20bdwq6u0835e16xugcd.jpg,Kvasir-SEG\masks\cju1g20bdwq6u0835e16xugcd.jpg,622,531,3,0.194909,medium,False,False,train,3
cju1g4nsb6ngy0799l4ezm8ab,Kvasir-SEG\images\cju1g4nsb6ngy0799l4ezm8ab.jpg,Kvasir-SEG\masks\cju1g4nsb6ngy0799l4ezm8ab.jpg,568,529,3,0.103464,medium,False,False,train,0
cju1gghyjwxt80835vx0wgxw0,Kvasir-SEG\images\cju1gghyjwxt80835vx0wgxw0.jpg,Kvasir-SEG\masks\cju1gghyjwxt80835vx0wgxw0.jpg,621,529,3,0.209681,large,False,False,train,3
cju1gi7jlwyld0835cdf6g6qz,Kvasir-SEG\images\cju1gi7jlwyld0835cdf6g6qz.jpg,Kvasir-SEG\masks\cju1gi7jlwyld0835cdf6g6qz.jpg,611,529,3,0.0472,small,False,False,test,4
cju1gkndf6yi10801o1qnje19,Kvasir-SEG\images\cju1gkndf6yi10801o1qnje19.jpg,Kvasir-SEG\masks\cju1gkndf6yi10801o1qnje19.jpg,623,528,3,0.105754,medium,False,False,train,3
cju1gv7106qd008784gk603mg,Kvasir-SEG\images\cju1gv7106qd008784gk603mg.jpg,Kvasir-SEG\masks\cju1gv7106qd008784gk603mg.jpg,622,531,3,0.149672,medium,False,False,train,0
cju1h5w4wxajx0835mc954kxy,Kvasir-SEG\images\cju1h5w4wxajx0835mc954kxy.jpg,Kvasir-SEG\masks\cju1h5w4wxajx0835mc954kxy.jpg,622,528,3,0.084582,medium,False,False,train,3
cju1h89h6xbnx08352k2790o9,Kvasir-SEG\images\cju1h89h6xbnx08352k2790o9.jpg,Kvasir-SEG\masks\cju1h89h6xbnx08352k2790o9.jpg,570,531,3,0.083959,medium,False,False,train,0
cju1haab178i70799tk9z8y8x,Kvasir-SEG\images\cju1haab178i70799tk9z8y8x.jpg,Kvasir-SEG\masks\cju1haab178i70799tk9z8y8x.jpg,525,531,3,0.103714,medium,False,False,train,4
cju1hhj6mxfp90835n3wofrap,Kvasir-SEG\images\cju1hhj6mxfp90835n3wofrap.jpg,Kvasir-SEG\masks\cju1hhj6mxfp90835n3wofrap.jpg,622,530,3,0.035667,small,False,False,train,0
cju1hirfi7ekp0855q0vgm9qq,Kvasir-SEG\images\cju1hirfi7ekp0855q0vgm9qq.jpg,Kvasir-SEG\masks\cju1hirfi7ekp0855q0vgm9qq.jpg,605,529,3,0.046697,small,False,False,train,3
cju1hmff8tkp809931jps6fbr,Kvasir-SEG\images\cju1hmff8tkp809931jps6fbr.jpg,Kvasir-SEG\masks\cju1hmff8tkp809931jps6fbr.jpg,587,530,3,0.390634,large,False,False,train,2
cju1hp9i2xu8e0988u2dazk7m,Kvasir-SEG\images\cju1hp9i2xu8e0988u2dazk7m.jpg,Kvasir-SEG\masks\cju1hp9i2xu8e0988u2dazk7m.jpg,490,531,3,0.128341,medium,False,False,train,0
cju1hs0za7jha0855vj0mdrjt,Kvasir-SEG\images\cju1hs0za7jha0855vj0mdrjt.jpg,Kvasir-SEG\masks\cju1hs0za7jha0855vj0mdrjt.jpg,571,531,3,0.174736,medium,False,False,train,2
cju1hyolc7aqu0878rrkfn1lr,Kvasir-SEG\images\cju1hyolc7aqu0878rrkfn1lr.jpg,Kvasir-SEG\masks\cju1hyolc7aqu0878rrkfn1lr.jpg,1348,1070,3,0.076464,medium,False,False,val,1
cju2hdr06v2bq0799mbm3bks1,Kvasir-SEG\images\cju2hdr06v2bq0799mbm3bks1.jpg,Kvasir-SEG\masks\cju2hdr06v2bq0799mbm3bks1.jpg,621,530,3,0.235724,large,False,False,train,4
cju2hewssldzx0835ep795xu0,Kvasir-SEG\images\cju2hewssldzx0835ep795xu0.jpg,Kvasir-SEG\masks\cju2hewssldzx0835ep795xu0.jpg,576,530,3,0.042348,small,False,False,val,3
cju2hfqnmhisa0993gpleeldd,Kvasir-SEG\images\cju2hfqnmhisa0993gpleeldd.jpg,Kvasir-SEG\masks\cju2hfqnmhisa0993gpleeldd.jpg,621,530,3,0.018819,small,False,False,test,1
cju2hgsptlfam0835o3b59h1o,Kvasir-SEG\images\cju2hgsptlfam0835o3b59h1o.jpg,Kvasir-SEG\masks\cju2hgsptlfam0835o3b59h1o.jpg,530,528,3,0.024686,small,False,False,train,4
cju2hjrqcvi2j0801bx1i6gxg,Kvasir-SEG\images\cju2hjrqcvi2j0801bx1i6gxg.jpg,Kvasir-SEG\masks\cju2hjrqcvi2j0801bx1i6gxg.jpg,599,531,3,0.015487,small,False,False,train,4
cju2hlm19vjjf0801o69qnber,Kvasir-SEG\images\cju2hlm19vjjf0801o69qnber.jpg,Kvasir-SEG\masks\cju2hlm19vjjf0801o69qnber.jpg,570,530,3,0.148358,medium,False,False,train,2
cju2hos57llxm08359g92p6jj,Kvasir-SEG\images\cju2hos57llxm08359g92p6jj.jpg,Kvasir-SEG\masks\cju2hos57llxm08359g92p6jj.jpg,622,529,3,0.134589,medium,False,False,train,3
cju2hqt33lmra0988fr5ijv8j,Kvasir-SEG\images\cju2hqt33lmra0988fr5ijv8j.jpg,Kvasir-SEG\masks\cju2hqt33lmra0988fr5ijv8j.jpg,602,528,3,0.1497,medium,False,False,train,0
cju2htabevq9108015qjei0x7,Kvasir-SEG\images\cju2htabevq9108015qjei0x7.jpg,Kvasir-SEG\masks\cju2htabevq9108015qjei0x7.jpg,332,487,3,0.457114,large,False,False,train,1
cju2hugv9vget0799hhk7ksvg,Kvasir-SEG\images\cju2hugv9vget0799hhk7ksvg.jpg,Kvasir-SEG\masks\cju2hugv9vget0799hhk7ksvg.jpg,613,529,3,0.01602,small,False,False,train,3
cju2hw5gjlr5h0988so2qqres,Kvasir-SEG\images\cju2hw5gjlr5h0988so2qqres.jpg,Kvasir-SEG\masks\cju2hw5gjlr5h0988so2qqres.jpg,621,530,3,0.19547,medium,False,False,test,3
cju2hx006vidl0799igm81vmh,Kvasir-SEG\images\cju2hx006vidl0799igm81vmh.jpg,Kvasir-SEG\masks\cju2hx006vidl0799igm81vmh.jpg,622,528,3,0.025459,small,False,False,train,3
cju2i03ptvkiu0799xbbd4det,Kvasir-SEG\images\cju2i03ptvkiu0799xbbd4det.jpg,Kvasir-SEG\masks\cju2i03ptvkiu0799xbbd4det.jpg,600,528,3,0.08089,medium,False,False,train,3
cju2i3hzclw3o0988rrgh911i,Kvasir-SEG\images\cju2i3hzclw3o0988rrgh911i.jpg,Kvasir-SEG\masks\cju2i3hzclw3o0988rrgh911i.jpg,598,531,3,0.311008,large,False,False,train,0
cju2i6acqvo6l0799u20fift8,Kvasir-SEG\images\cju2i6acqvo6l0799u20fift8.jpg,Kvasir-SEG\masks\cju2i6acqvo6l0799u20fift8.jpg,623,546,3,0.138421,medium,False,False,train,0
cju2i8br1vqtd08784u6vmcjk,Kvasir-SEG\images\cju2i8br1vqtd08784u6vmcjk.jpg,Kvasir-SEG\masks\cju2i8br1vqtd08784u6vmcjk.jpg,622,531,3,0.186099,medium,False,False,train,3
cju2iatlki5u309930zmgkv6h,Kvasir-SEG\images\cju2iatlki5u309930zmgkv6h.jpg,Kvasir-SEG\masks\cju2iatlki5u309930zmgkv6h.jpg,621,522,3,0.240207,large,False,False,train,2
cju2igw4gvxds0878808qj398,Kvasir-SEG\images\cju2igw4gvxds0878808qj398.jpg,Kvasir-SEG\masks\cju2igw4gvxds0878808qj398.jpg,626,546,3,0.438768,large,False,False,train,2
cju2ij9uiic2l09933ljiv6gm,Kvasir-SEG\images\cju2ij9uiic2l09933ljiv6gm.jpg,Kvasir-SEG\masks\cju2ij9uiic2l09933ljiv6gm.jpg,617,530,3,0.036421,small,False,False,train,2
cju2lberzkdzm09938cl40pog,Kvasir-SEG\images\cju2lberzkdzm09938cl40pog.jpg,Kvasir-SEG\masks\cju2lberzkdzm09938cl40pog.jpg,605,528,3,0.210287,large,False,False,train,2
cju2lcyfgkf5809932fn9gucn,Kvasir-SEG\images\cju2lcyfgkf5809932fn9gucn.jpg,Kvasir-SEG\masks\cju2lcyfgkf5809932fn9gucn.jpg,571,530,3,0.063649,medium,False,False,val,4
cju2lejzcy4pc0878c9rlonot,Kvasir-SEG\images\cju2lejzcy4pc0878c9rlonot.jpg,Kvasir-SEG\masks\cju2lejzcy4pc0878c9rlonot.jpg,571,530,3,0.217609,large,False,False,test,1
cju2lyynuymli0855g7fxgbhe,Kvasir-SEG\images\cju2lyynuymli0855g7fxgbhe.jpg,Kvasir-SEG\masks\cju2lyynuymli0855g7fxgbhe.jpg,612,519,3,0.045437,small,False,False,train,1
cju2lz8vqktne0993fuym6drw,Kvasir-SEG\images\cju2lz8vqktne0993fuym6drw.jpg,Kvasir-SEG\masks\cju2lz8vqktne0993fuym6drw.jpg,613,531,3,0.059357,medium,False,False,train,1
cju2m56cryvqd0801gtn2yp8t,Kvasir-SEG\images\cju2m56cryvqd0801gtn2yp8t.jpg,Kvasir-SEG\masks\cju2m56cryvqd0801gtn2yp8t.jpg,616,546,3,0.039886,small,False,False,train,1
cju2m71z2ywwv080131bcrsd3,Kvasir-SEG\images\cju2m71z2ywwv080131bcrsd3.jpg,Kvasir-SEG\masks\cju2m71z2ywwv080131bcrsd3.jpg,570,531,3,0.089034,medium,False,False,train,1
cju2ma647l0nj0993ot4deq2q,Kvasir-SEG\images\cju2ma647l0nj0993ot4deq2q.jpg,Kvasir-SEG\masks\cju2ma647l0nj0993ot4deq2q.jpg,621,547,3,0.128203,medium,False,False,val,3
cju2mfjndoz700988b9lc3zeq,Kvasir-SEG\images\cju2mfjndoz700988b9lc3zeq.jpg,Kvasir-SEG\masks\cju2mfjndoz700988b9lc3zeq.jpg,622,531,3,0.095615,medium,False,False,train,2
cju2mh8t6p07008350e01tx2a,Kvasir-SEG\images\cju2mh8t6p07008350e01tx2a.jpg,Kvasir-SEG\masks\cju2mh8t6p07008350e01tx2a.jpg,588,528,3,0.062252,medium,False,False,train,3
cju2nbdpmlmcj0993s1cht0dz,Kvasir-SEG\images\cju2nbdpmlmcj0993s1cht0dz.jpg,Kvasir-SEG\masks\cju2nbdpmlmcj0993s1cht0dz.jpg,584,530,3,0.253961,large,False,False,val,2
cju2nd7l7z98o0799gfjvyfmw,Kvasir-SEG\images\cju2nd7l7z98o0799gfjvyfmw.jpg,Kvasir-SEG\masks\cju2nd7l7z98o0799gfjvyfmw.jpg,1348,1070,3,0.185513,medium,False,False,train,2
cju2nfnvxzdkd0878399axlco,Kvasir-SEG\images\cju2nfnvxzdkd0878399axlco.jpg,Kvasir-SEG\masks\cju2nfnvxzdkd0878399axlco.jpg,598,546,3,0.121188,medium,False,False,train,0
cju2nguelpmlj0835rojdn097,Kvasir-SEG\images\cju2nguelpmlj0835rojdn097.jpg,Kvasir-SEG\masks\cju2nguelpmlj0835rojdn097.jpg,591,529,3,0.166029,medium,False,False,val,1
cju2nnqrqzp580855z8mhzgd6,Kvasir-SEG\images\cju2nnqrqzp580855z8mhzgd6.jpg,Kvasir-SEG\masks\cju2nnqrqzp580855z8mhzgd6.jpg,569,518,3,0.577464,large,False,False,train,1
cju2np2k9zi3v079992ypxqkn,Kvasir-SEG\images\cju2np2k9zi3v079992ypxqkn.jpg,Kvasir-SEG\masks\cju2np2k9zi3v079992ypxqkn.jpg,603,531,3,0.100539,medium,False,False,val,1
cju2nqapmzvk20801f9us40dx,Kvasir-SEG\images\cju2nqapmzvk20801f9us40dx.jpg,Kvasir-SEG\masks\cju2nqapmzvk20801f9us40dx.jpg,626,547,3,0.132445,medium,False,False,train,4
cju2nsmwjlzyl0993jl80chvz,Kvasir-SEG\images\cju2nsmwjlzyl0993jl80chvz.jpg,Kvasir-SEG\masks\cju2nsmwjlzyl0993jl80chvz.jpg,625,547,3,0.047991,small,False,False,train,2
cju2ntxtdzlvu0799xl3j9pan,Kvasir-SEG\images\cju2ntxtdzlvu0799xl3j9pan.jpg,Kvasir-SEG\masks\cju2ntxtdzlvu0799xl3j9pan.jpg,626,547,3,0.026911,small,False,False,test,0
cju2nyc5f02m40801ojqbtiea,Kvasir-SEG\images\cju2nyc5f02m40801ojqbtiea.jpg,Kvasir-SEG\masks\cju2nyc5f02m40801ojqbtiea.jpg,622,531,3,0.097265,medium,False,False,train,0
cju2oi8sq0i2y0801mektzvw8,Kvasir-SEG\images\cju2oi8sq0i2y0801mektzvw8.jpg,Kvasir-SEG\masks\cju2oi8sq0i2y0801mektzvw8.jpg,1348,1070,3,0.763373,large,False,False,val,0
cju2okvco06xc0799kxe5n1qh,Kvasir-SEG\images\cju2okvco06xc0799kxe5n1qh.jpg,Kvasir-SEG\masks\cju2okvco06xc0799kxe5n1qh.jpg,577,530,3,0.33168,large,False,False,val,3
cju2omjpeqj5a0988pjdlb8l1,Kvasir-SEG\images\cju2omjpeqj5a0988pjdlb8l1.jpg,Kvasir-SEG\masks\cju2omjpeqj5a0988pjdlb8l1.jpg,566,530,3,0.261991,large,False,False,train,4
cju2oo0wh0bqy0878biujeyhe,Kvasir-SEG\images\cju2oo0wh0bqy0878biujeyhe.jpg,Kvasir-SEG\masks\cju2oo0wh0bqy0878biujeyhe.jpg,621,530,3,0.082311,medium,False,False,train,4
cju2oq5570avm079959o20op1,Kvasir-SEG\images\cju2oq5570avm079959o20op1.jpg,Kvasir-SEG\masks\cju2oq5570avm079959o20op1.jpg,626,547,3,0.198533,medium,False,False,train,3
cju2osuru0ki00855txo0n3uu,Kvasir-SEG\images\cju2osuru0ki00855txo0n3uu.jpg,Kvasir-SEG\masks\cju2osuru0ki00855txo0n3uu.jpg,594,528,3,0.175904,medium,False,False,train,4
cju2otvvv0l7z0855x7we8cb0,Kvasir-SEG\images\cju2otvvv0l7z0855x7we8cb0.jpg,Kvasir-SEG\masks\cju2otvvv0l7z0855x7we8cb0.jpg,571,531,3,0.073074,medium,False,False,train,2
cju2ouil2mssu0993hvxsed6d,Kvasir-SEG\images\cju2ouil2mssu0993hvxsed6d.jpg,Kvasir-SEG\masks\cju2ouil2mssu0993hvxsed6d.jpg,605,511,3,0.030224,small,False,False,train,2
cju2p0eveqtdc0835gpi3p93i,Kvasir-SEG\images\cju2p0eveqtdc0835gpi3p93i.jpg,Kvasir-SEG\masks\cju2p0eveqtdc0835gpi3p93i.jpg,622,528,3,0.110424,medium,False,False,train,4
cju2p4ddkmzxj0993p94o62av,Kvasir-SEG\images\cju2p4ddkmzxj0993p94o62av.jpg,Kvasir-SEG\masks\cju2p4ddkmzxj0993p94o62av.jpg,592,529,3,0.084702,medium,False,False,train,0
cju2p91qir00k08350ddfif0w,Kvasir-SEG\images\cju2p91qir00k08350ddfif0w.jpg,Kvasir-SEG\masks\cju2p91qir00k08350ddfif0w.jpg,1348,1070,3,0.050933,medium,False,False,train,2
cju2pag1f0s4r0878h52uq83s,Kvasir-SEG\images\cju2pag1f0s4r0878h52uq83s.jpg,Kvasir-SEG\masks\cju2pag1f0s4r0878h52uq83s.jpg,570,530,3,0.053853,medium,False,False,train,4
cju2phaksnahz0993yxogjcpv,Kvasir-SEG\images\cju2phaksnahz0993yxogjcpv.jpg,Kvasir-SEG\masks\cju2phaksnahz0993yxogjcpv.jpg,622,528,3,0.047696,small,False,False,train,3
cju2pjb9v0ywn0878j5g5n69j,Kvasir-SEG\images\cju2pjb9v0ywn0878j5g5n69j.jpg,Kvasir-SEG\masks\cju2pjb9v0ywn0878j5g5n69j.jpg,622,529,3,0.089601,medium,False,False,train,0
cju2pkwt3r8b90988v2ywq1px,Kvasir-SEG\images\cju2pkwt3r8b90988v2ywq1px.jpg,Kvasir-SEG\masks\cju2pkwt3r8b90988v2ywq1px.jpg,622,530,3,0.064994,medium,False,False,train,2
cju2pmhtr17a00855cvpelzb0,Kvasir-SEG\images\cju2pmhtr17a00855cvpelzb0.jpg,Kvasir-SEG\masks\cju2pmhtr17a00855cvpelzb0.jpg,622,530,3,0.101665,medium,False,False,val,3
cju2qdj95ru8g09886gfi9rsz,Kvasir-SEG\images\cju2qdj95ru8g09886gfi9rsz.jpg,Kvasir-SEG\masks\cju2qdj95ru8g09886gfi9rsz.jpg,571,531,3,0.428102,large,False,False,val,3
cju2qfie4rvz508357kad9z5o,Kvasir-SEG\images\cju2qfie4rvz508357kad9z5o.jpg,Kvasir-SEG\masks\cju2qfie4rvz508357kad9z5o.jpg,622,529,3,0.103094,medium,False,False,train,3
cju2qh5le1ock0878oahaql7d,Kvasir-SEG\images\cju2qh5le1ock0878oahaql7d.jpg,Kvasir-SEG\masks\cju2qh5le1ock0878oahaql7d.jpg,622,530,3,0.141734,medium,False,False,train,0
cju2qn2fzs1vy0988l243cvzy,Kvasir-SEG\images\cju2qn2fzs1vy0988l243cvzy.jpg,Kvasir-SEG\masks\cju2qn2fzs1vy0988l243cvzy.jpg,597,547,3,0.207016,large,False,False,train,0
cju2qozsk20cq0855ugrg3cri,Kvasir-SEG\images\cju2qozsk20cq0855ugrg3cri.jpg,Kvasir-SEG\masks\cju2qozsk20cq0855ugrg3cri.jpg,626,546,3,0.105188,medium,False,False,test,0
cju2qqn5ys4uo0988ewrt2ip2,Kvasir-SEG\images\cju2qqn5ys4uo0988ewrt2ip2.jpg,Kvasir-SEG\masks\cju2qqn5ys4uo0988ewrt2ip2.jpg,626,546,3,0.51366,large,False,False,train,2
cju2qs32r1vys07999conmbvx,Kvasir-SEG\images\cju2qs32r1vys07999conmbvx.jpg,Kvasir-SEG\masks\cju2qs32r1vys07999conmbvx.jpg,622,528,3,0.016363,small,False,False,train,4
cju2qtee81yd708787bsjr75d,Kvasir-SEG\images\cju2qtee81yd708787bsjr75d.jpg,Kvasir-SEG\masks\cju2qtee81yd708787bsjr75d.jpg,511,530,3,0.111107,medium,False,False,train,3
cju2qu37qobl50993aw7ghcfq,Kvasir-SEG\images\cju2qu37qobl50993aw7ghcfq.jpg,Kvasir-SEG\masks\cju2qu37qobl50993aw7ghcfq.jpg,543,528,3,0.045821,small,False,False,train,1
cju2qvuj1s9ok0835tp2k4ozh,Kvasir-SEG\images\cju2qvuj1s9ok0835tp2k4ozh.jpg,Kvasir-SEG\masks\cju2qvuj1s9ok0835tp2k4ozh.jpg,605,531,3,0.310507,large,False,False,train,4
cju2qxxko229x08786gvxxhur,Kvasir-SEG\images\cju2qxxko229x08786gvxxhur.jpg,Kvasir-SEG\masks\cju2qxxko229x08786gvxxhur.jpg,484,530,3,0.360658,large,False,False,train,4
cju2qz06823a40878ojcz9ccx,Kvasir-SEG\images\cju2qz06823a40878ojcz9ccx.jpg,Kvasir-SEG\masks\cju2qz06823a40878ojcz9ccx.jpg,603,530,3,0.107441,medium,False,False,test,1
cju2r11x7sdgx0988o8ule0wl,Kvasir-SEG\images\cju2r11x7sdgx0988o8ule0wl.jpg,Kvasir-SEG\masks\cju2r11x7sdgx0988o8ule0wl.jpg,622,528,3,0.13883,medium,False,False,train,0
cju2r2obh2bjm08553kng0rh7,Kvasir-SEG\images\cju2r2obh2bjm08553kng0rh7.jpg,Kvasir-SEG\masks\cju2r2obh2bjm08553kng0rh7.jpg,474,458,3,0.202642,large,False,False,test,0
cju2r6mt2om21099352pny5gw,Kvasir-SEG\images\cju2r6mt2om21099352pny5gw.jpg,Kvasir-SEG\masks\cju2r6mt2om21099352pny5gw.jpg,608,528,3,0.304927,large,False,False,train,0
cju2r7h21sj9608354gzks3ae,Kvasir-SEG\images\cju2r7h21sj9608354gzks3ae.jpg,Kvasir-SEG\masks\cju2r7h21sj9608354gzks3ae.jpg,614,530,3,0.033154,small,False,False,train,3
cju2r91dg2k090801bh0xzbxk,Kvasir-SEG\images\cju2r91dg2k090801bh0xzbxk.jpg,Kvasir-SEG\masks\cju2r91dg2k090801bh0xzbxk.jpg,1348,1070,3,0.046886,small,False,False,train,0
cju2raxlosl630988jdbfy9b0,Kvasir-SEG\images\cju2raxlosl630988jdbfy9b0.jpg,Kvasir-SEG\masks\cju2raxlosl630988jdbfy9b0.jpg,557,528,3,0.328651,large,False,False,train,2
cju2rga4psq9n09881z519xx0,Kvasir-SEG\images\cju2rga4psq9n09881z519xx0.jpg,Kvasir-SEG\masks\cju2rga4psq9n09881z519xx0.jpg,622,529,3,0.054747,medium,False,False,train,4
cju2ricdv2iys0878sv1adh0u,Kvasir-SEG\images\cju2ricdv2iys0878sv1adh0u.jpg,Kvasir-SEG\masks\cju2ricdv2iys0878sv1adh0u.jpg,616,530,3,0.744949,large,False,False,train,4
cju2rkjfwoxys0993x768l1j2,Kvasir-SEG\images\cju2rkjfwoxys0993x768l1j2.jpg,Kvasir-SEG\masks\cju2rkjfwoxys0993x768l1j2.jpg,597,401,3,0.277401,large,False,False,test,1
cju2rlqdnoz9k0993cpjae3x0,Kvasir-SEG\images\cju2rlqdnoz9k0993cpjae3x0.jpg,Kvasir-SEG\masks\cju2rlqdnoz9k0993cpjae3x0.jpg,592,531,3,0.174702,medium,False,False,train,2
cju2rmd2rsw9g09888hh1efu0,Kvasir-SEG\images\cju2rmd2rsw9g09888hh1efu0.jpg,Kvasir-SEG\masks\cju2rmd2rsw9g09888hh1efu0.jpg,570,531,3,0.006912,small,False,False,val,2
cju2rn0hasxri0835nfy3buay,Kvasir-SEG\images\cju2rn0hasxri0835nfy3buay.jpg,Kvasir-SEG\masks\cju2rn0hasxri0835nfy3buay.jpg,622,531,3,0.033305,small,False,False,test,3
cju2rnkt22xep0801as160g9t,Kvasir-SEG\images\cju2rnkt22xep0801as160g9t.jpg,Kvasir-SEG\masks\cju2rnkt22xep0801as160g9t.jpg,558,454,3,0.030841,small,False,False,test,3
cju2ro5jqsy680988pi6qsujw,Kvasir-SEG\images\cju2ro5jqsy680988pi6qsujw.jpg,Kvasir-SEG\masks\cju2ro5jqsy680988pi6qsujw.jpg,622,531,3,0.216527,large,False,False,train,1
cju2rpa30t07b0835im0erql0,Kvasir-SEG\images\cju2rpa30t07b0835im0erql0.jpg,Kvasir-SEG\masks\cju2rpa30t07b0835im0erql0.jpg,621,529,3,0.100241,medium,False,False,train,1
cju2rqo702wpx0855fn7d5cxh,Kvasir-SEG\images\cju2rqo702wpx0855fn7d5cxh.jpg,Kvasir-SEG\masks\cju2rqo702wpx0855fn7d5cxh.jpg,621,529,3,0.02908,small,False,False,test,2
cju2rxm8rpbaf0993o3qr2oph,Kvasir-SEG\images\cju2rxm8rpbaf0993o3qr2oph.jpg,Kvasir-SEG\masks\cju2rxm8rpbaf0993o3qr2oph.jpg,571,531,3,0.044419,small,False,False,train,0
cju2rz4k434s70855wwx3ddtx,Kvasir-SEG\images\cju2rz4k434s70855wwx3ddtx.jpg,Kvasir-SEG\masks\cju2rz4k434s70855wwx3ddtx.jpg,612,530,3,0.151394,medium,False,False,test,3
cju2rzpsmtb0f0835jabkbao1,Kvasir-SEG\images\cju2rzpsmtb0f0835jabkbao1.jpg,Kvasir-SEG\masks\cju2rzpsmtb0f0835jabkbao1.jpg,528,528,3,0.030418,small,False,False,train,0
cju2s16zp317h0799gr67jqc2,Kvasir-SEG\images\cju2s16zp317h0799gr67jqc2.jpg,Kvasir-SEG\masks\cju2s16zp317h0799gr67jqc2.jpg,622,531,3,0.284872,large,False,False,train,0
cju2s2527pfyr0993l3h1149a,Kvasir-SEG\images\cju2s2527pfyr0993l3h1149a.jpg,Kvasir-SEG\masks\cju2s2527pfyr0993l3h1149a.jpg,622,529,3,0.027991,small,False,False,train,0
cju2s9g11pnra0993gn4eh793,Kvasir-SEG\images\cju2s9g11pnra0993gn4eh793.jpg,Kvasir-SEG\masks\cju2s9g11pnra0993gn4eh793.jpg,622,530,3,0.473797,large,False,False,val,3
cju2saez63gxl08559ucjq3kt,Kvasir-SEG\images\cju2saez63gxl08559ucjq3kt.jpg,Kvasir-SEG\masks\cju2saez63gxl08559ucjq3kt.jpg,557,530,3,0.132909,medium,False,False,train,4
cju2sevf53lkx08558h5bpaig,Kvasir-SEG\images\cju2sevf53lkx08558h5bpaig.jpg,Kvasir-SEG\masks\cju2sevf53lkx08558h5bpaig.jpg,626,547,3,0.234243,large,False,False,train,3
cju2sggy13na70855tbeoqgha,Kvasir-SEG\images\cju2sggy13na70855tbeoqgha.jpg,Kvasir-SEG\masks\cju2sggy13na70855tbeoqgha.jpg,559,530,3,0.252945,large,False,False,test,2
cju2spdagu1l50835da1f46fr,Kvasir-SEG\images\cju2spdagu1l50835da1f46fr.jpg,Kvasir-SEG\masks\cju2spdagu1l50835da1f46fr.jpg,465,525,3,0.043236,small,False,False,train,4
cju2srvy5440s0801y1ba9akr,Kvasir-SEG\images\cju2srvy5440s0801y1ba9akr.jpg,Kvasir-SEG\masks\cju2srvy5440s0801y1ba9akr.jpg,622,528,3,0.317518,large,False,False,test,0
cju2sszfq3uye0878sucelzk2,Kvasir-SEG\images\cju2sszfq3uye0878sucelzk2.jpg,Kvasir-SEG\masks\cju2sszfq3uye0878sucelzk2.jpg,622,531,3,0.616833,large,False,False,train,2
cju2suk42469908015ngmq6f2,Kvasir-SEG\images\cju2suk42469908015ngmq6f2.jpg,Kvasir-SEG\masks\cju2suk42469908015ngmq6f2.jpg,609,528,3,0.094262,medium,False,False,train,4
cju2sxf3iqbpv09937iksn8ep,Kvasir-SEG\images\cju2sxf3iqbpv09937iksn8ep.jpg,Kvasir-SEG\masks\cju2sxf3iqbpv09937iksn8ep.jpg,622,529,3,0.175262,medium,False,False,val,0
cju2syxa93yw40799x2iuwabz,Kvasir-SEG\images\cju2syxa93yw40799x2iuwabz.jpg,Kvasir-SEG\masks\cju2syxa93yw40799x2iuwabz.jpg,602,474,3,0.021395,small,False,False,train,0
cju2t16vuucaq0835xcpsivn2,Kvasir-SEG\images\cju2t16vuucaq0835xcpsivn2.jpg,Kvasir-SEG\masks\cju2t16vuucaq0835xcpsivn2.jpg,622,531,3,0.066392,medium,False,False,train,2
cju2t2ivz43i10878zeg8r1br,Kvasir-SEG\images\cju2t2ivz43i10878zeg8r1br.jpg,Kvasir-SEG\masks\cju2t2ivz43i10878zeg8r1br.jpg,607,528,3,0.035707,small,False,False,train,4
cju2t3ibkuecr0835o7si16zv,Kvasir-SEG\images\cju2t3ibkuecr0835o7si16zv.jpg,Kvasir-SEG\masks\cju2t3ibkuecr0835o7si16zv.jpg,613,530,3,0.038198,small,False,False,train,0
cju2t62nq45jl0799odpufwx6,Kvasir-SEG\images\cju2t62nq45jl0799odpufwx6.jpg,Kvasir-SEG\masks\cju2t62nq45jl0799odpufwx6.jpg,622,528,3,0.199957,medium,False,False,train,0
cju2t9tdwuk700835kv0ljmtl,Kvasir-SEG\images\cju2t9tdwuk700835kv0ljmtl.jpg,Kvasir-SEG\masks\cju2t9tdwuk700835kv0ljmtl.jpg,605,473,3,0.162955,medium,False,False,train,1
cju2ti1du4idn0878giuozonw,Kvasir-SEG\images\cju2ti1du4idn0878giuozonw.jpg,Kvasir-SEG\masks\cju2ti1du4idn0878giuozonw.jpg,571,530,3,0.106847,medium,False,False,train,0
cju2tjrog4jy30878pawyazqc,Kvasir-SEG\images\cju2tjrog4jy30878pawyazqc.jpg,Kvasir-SEG\masks\cju2tjrog4jy30878pawyazqc.jpg,622,530,3,0.1174,medium,False,False,test,0
cju2top2ruxxy0988p1svx36g,Kvasir-SEG\images\cju2top2ruxxy0988p1svx36g.jpg,Kvasir-SEG\masks\cju2top2ruxxy0988p1svx36g.jpg,570,530,3,0.202913,large,False,False,train,2
cju2tpfa5uyx408359datxqqj,Kvasir-SEG\images\cju2tpfa5uyx408359datxqqj.jpg,Kvasir-SEG\masks\cju2tpfa5uyx408359datxqqj.jpg,622,528,3,0.101551,medium,False,False,val,3
cju2tqfgw4oat0799rn0g5b2z,Kvasir-SEG\images\cju2tqfgw4oat0799rn0g5b2z.jpg,Kvasir-SEG\masks\cju2tqfgw4oat0799rn0g5b2z.jpg,614,529,3,0.122079,medium,False,False,train,2
cju2trbpkv0c00988hxla5dzz,Kvasir-SEG\images\cju2trbpkv0c00988hxla5dzz.jpg,Kvasir-SEG\masks\cju2trbpkv0c00988hxla5dzz.jpg,610,531,3,0.177725,medium,False,False,train,1
cju2trtjf4qjd0878a2zle9v9,Kvasir-SEG\images\cju2trtjf4qjd0878a2zle9v9.jpg,Kvasir-SEG\masks\cju2trtjf4qjd0878a2zle9v9.jpg,598,528,3,0.028776,small,False,False,train,4
cju2tvrvm53ws0801a0jfjdxg,Kvasir-SEG\images\cju2tvrvm53ws0801a0jfjdxg.jpg,Kvasir-SEG\masks\cju2tvrvm53ws0801a0jfjdxg.jpg,568,531,3,0.132447,medium,False,False,train,2
cju2txjfzv60w098839dcimys,Kvasir-SEG\images\cju2txjfzv60w098839dcimys.jpg,Kvasir-SEG\masks\cju2txjfzv60w098839dcimys.jpg,551,430,3,0.088106,medium,False,False,train,4
cju2tzypl4wss0799ow05oxb9,Kvasir-SEG\images\cju2tzypl4wss0799ow05oxb9.jpg,Kvasir-SEG\masks\cju2tzypl4wss0799ow05oxb9.jpg,622,531,3,0.272579,large,False,False,train,1
cju2u2b9o4zvp08788qb9nqxj,Kvasir-SEG\images\cju2u2b9o4zvp08788qb9nqxj.jpg,Kvasir-SEG\masks\cju2u2b9o4zvp08788qb9nqxj.jpg,564,527,3,0.241343,large,False,False,val,4
cju2u4pymvc720988wsxrmi84,Kvasir-SEG\images\cju2u4pymvc720988wsxrmi84.jpg,Kvasir-SEG\masks\cju2u4pymvc720988wsxrmi84.jpg,541,530,3,0.311645,large,False,False,train,2
cju2u73dj53oz0878486k8k4b,Kvasir-SEG\images\cju2u73dj53oz0878486k8k4b.jpg,Kvasir-SEG\masks\cju2u73dj53oz0878486k8k4b.jpg,524,529,3,0.139602,medium,False,False,train,3
cju2ueb6j5ado0878vf5md13o,Kvasir-SEG\images\cju2ueb6j5ado0878vf5md13o.jpg,Kvasir-SEG\masks\cju2ueb6j5ado0878vf5md13o.jpg,1348,1070,3,0.09751,medium,False,False,train,0
cju2ulk385h170799rlklxob0,Kvasir-SEG\images\cju2ulk385h170799rlklxob0.jpg,Kvasir-SEG\masks\cju2ulk385h170799rlklxob0.jpg,596,528,3,0.32299,large,False,False,val,3
cju2uokeg5jm20799xwgsyz89,Kvasir-SEG\images\cju2uokeg5jm20799xwgsyz89.jpg,Kvasir-SEG\masks\cju2uokeg5jm20799xwgsyz89.jpg,570,530,3,0.311771,large,False,False,train,1
cju2upu4evw7g08358guwozxv,Kvasir-SEG\images\cju2upu4evw7g08358guwozxv.jpg,Kvasir-SEG\masks\cju2upu4evw7g08358guwozxv.jpg,616,528,3,0.050574,medium,False,False,test,2
cju2urqpwvxw70835rvndvtsi,Kvasir-SEG\images\cju2urqpwvxw70835rvndvtsi.jpg,Kvasir-SEG\masks\cju2urqpwvxw70835rvndvtsi.jpg,626,474,3,0.031413,small,False,False,train,1
cju2uwz9f5yf1085506cfamfx,Kvasir-SEG\images\cju2uwz9f5yf1085506cfamfx.jpg,Kvasir-SEG\masks\cju2uwz9f5yf1085506cfamfx.jpg,1220,1011,3,0.262537,large,False,False,train,2
cju2uy8ox62jo0801g88hh42z,Kvasir-SEG\images\cju2uy8ox62jo0801g88hh42z.jpg,Kvasir-SEG\masks\cju2uy8ox62jo0801g88hh42z.jpg,622,528,3,0.063992,medium,False,False,train,0
cju2uzabhs6er0993x3aaf87p,Kvasir-SEG\images\cju2uzabhs6er0993x3aaf87p.jpg,Kvasir-SEG\masks\cju2uzabhs6er0993x3aaf87p.jpg,612,528,3,0.101193,medium,False,False,train,1
cju2wtwj87kys0855kx6mddzw,Kvasir-SEG\images\cju2wtwj87kys0855kx6mddzw.jpg,Kvasir-SEG\masks\cju2wtwj87kys0855kx6mddzw.jpg,626,547,3,0.411425,large,False,False,train,1
cju2wve9v7esz0878mxsdcy04,Kvasir-SEG\images\cju2wve9v7esz0878mxsdcy04.jpg,Kvasir-SEG\masks\cju2wve9v7esz0878mxsdcy04.jpg,620,529,3,0.05493,medium,False,False,train,4
cju2wx0gh7fpz0878wwyd9ep8,Kvasir-SEG\images\cju2wx0gh7fpz0878wwyd9ep8.jpg,Kvasir-SEG\masks\cju2wx0gh7fpz0878wwyd9ep8.jpg,616,529,3,0.059049,medium,False,False,train,1
cju2wxv0hxs2f09884w48v8fi,Kvasir-SEG\images\cju2wxv0hxs2f09884w48v8fi.jpg,Kvasir-SEG\masks\cju2wxv0hxs2f09884w48v8fi.jpg,622,529,3,0.017077,small,False,False,train,1
cju2wzu8wxtgu09880ku9x1pg,Kvasir-SEG\images\cju2wzu8wxtgu09880ku9x1pg.jpg,Kvasir-SEG\masks\cju2wzu8wxtgu09880ku9x1pg.jpg,622,529,3,0.15917,medium,False,False,train,1
cju2x7vw87mu30878hye2ca0m,Kvasir-SEG\images\cju2x7vw87mu30878hye2ca0m.jpg,Kvasir-SEG\masks\cju2x7vw87mu30878hye2ca0m.jpg,1348,1070,3,0.202424,large,False,False,train,1
cju2xa3i4y0160988i679zsqd,Kvasir-SEG\images\cju2xa3i4y0160988i679zsqd.jpg,Kvasir-SEG\masks\cju2xa3i4y0160988i679zsqd.jpg,619,528,3,0.105418,medium,False,False,train,0
cju2xbk0080y80801eghyddi2,Kvasir-SEG\images\cju2xbk0080y80801eghyddi2.jpg,Kvasir-SEG\masks\cju2xbk0080y80801eghyddi2.jpg,621,529,3,0.074354,medium,False,False,train,0
cju2xd75m82720801q4s4ik3n,Kvasir-SEG\images\cju2xd75m82720801q4s4ik3n.jpg,Kvasir-SEG\masks\cju2xd75m82720801q4s4ik3n.jpg,1220,1011,3,0.111938,medium,False,False,test,0
cju2xf8e5y2wm08359vcgk09b,Kvasir-SEG\images\cju2xf8e5y2wm08359vcgk09b.jpg,Kvasir-SEG\masks\cju2xf8e5y2wm08359vcgk09b.jpg,571,530,3,0.35175,large,False,False,train,4
cju2xjz2ju8pe0993ysv9wg17,Kvasir-SEG\images\cju2xjz2ju8pe0993ysv9wg17.jpg,Kvasir-SEG\masks\cju2xjz2ju8pe0993ysv9wg17.jpg,593,530,3,0.155003,medium,False,False,train,4
cju2xlcqxy9c60988vjacdznb,Kvasir-SEG\images\cju2xlcqxy9c60988vjacdznb.jpg,Kvasir-SEG\masks\cju2xlcqxy9c60988vjacdznb.jpg,621,529,3,0.187152,medium,False,False,val,1
cju2xs6na81t20878pt6nkfip,Kvasir-SEG\images\cju2xs6na81t20878pt6nkfip.jpg,Kvasir-SEG\masks\cju2xs6na81t20878pt6nkfip.jpg,570,531,3,0.235474,large,False,False,train,3
cju2xwm1s84l50799i60mq0pu,Kvasir-SEG\images\cju2xwm1s84l50799i60mq0pu.jpg,Kvasir-SEG\masks\cju2xwm1s84l50799i60mq0pu.jpg,626,547,3,0.046212,small,False,False,train,1
cju2xyd9vyi7m098831qcucse,Kvasir-SEG\images\cju2xyd9vyi7m098831qcucse.jpg,Kvasir-SEG\masks\cju2xyd9vyi7m098831qcucse.jpg,622,528,3,0.222821,large,False,False,test,0
cju2y0z6g87p10878fpk5d3rq,Kvasir-SEG\images\cju2y0z6g87p10878fpk5d3rq.jpg,Kvasir-SEG\masks\cju2y0z6g87p10878fpk5d3rq.jpg,554,530,3,0.233955,large,False,False,train,2
cju2y26c588bo07993ksd8eoz,Kvasir-SEG\images\cju2y26c588bo07993ksd8eoz.jpg,Kvasir-SEG\masks\cju2y26c588bo07993ksd8eoz.jpg,621,530,3,0.073536,medium,False,False,test,3
cju2y40d8ulqo0993q0adtgtb,Kvasir-SEG\images\cju2y40d8ulqo0993q0adtgtb.jpg,Kvasir-SEG\masks\cju2y40d8ulqo0993q0adtgtb.jpg,617,529,3,0.133287,medium,False,False,train,3
cju2y5zas8m7f0801d34g5owq,Kvasir-SEG\images\cju2y5zas8m7f0801d34g5owq.jpg,Kvasir-SEG\masks\cju2y5zas8m7f0801d34g5owq.jpg,586,479,3,0.271566,large,False,False,train,1
cju2y8s56ymqr083541ggdsml,Kvasir-SEG\images\cju2y8s56ymqr083541ggdsml.jpg,Kvasir-SEG\masks\cju2y8s56ymqr083541ggdsml.jpg,615,530,3,0.092815,medium,False,False,train,0
cju2yb31a8e8u0878wdashg7o,Kvasir-SEG\images\cju2yb31a8e8u0878wdashg7o.jpg,Kvasir-SEG\masks\cju2yb31a8e8u0878wdashg7o.jpg,621,531,3,0.171978,medium,False,False,val,2
cju2ycp1u8g2r0799jslnp7cz,Kvasir-SEG\images\cju2ycp1u8g2r0799jslnp7cz.jpg,Kvasir-SEG\masks\cju2ycp1u8g2r0799jslnp7cz.jpg,617,531,3,0.101973,medium,False,False,test,4
cju2yg5ht8i4p087800js8hp4,Kvasir-SEG\images\cju2yg5ht8i4p087800js8hp4.jpg,Kvasir-SEG\masks\cju2yg5ht8i4p087800js8hp4.jpg,626,546,3,0.173431,medium,False,False,train,4
cju2yi9tz8vky0801yqip0xyl,Kvasir-SEG\images\cju2yi9tz8vky0801yqip0xyl.jpg,Kvasir-SEG\masks\cju2yi9tz8vky0801yqip0xyl.jpg,616,528,3,0.261776,large,False,False,val,4
cju2yljr0yzhw0988ecf271ly,Kvasir-SEG\images\cju2yljr0yzhw0988ecf271ly.jpg,Kvasir-SEG\masks\cju2yljr0yzhw0988ecf271ly.jpg,1220,1009,3,0.226377,large,False,False,val,1
cju2yo1j1v0qz09934o0e683p,Kvasir-SEG\images\cju2yo1j1v0qz09934o0e683p.jpg,Kvasir-SEG\masks\cju2yo1j1v0qz09934o0e683p.jpg,626,546,3,0.305957,large,False,False,train,3
cju2ysg748ru80878sp6j0gm0,Kvasir-SEG\images\cju2ysg748ru80878sp6j0gm0.jpg,Kvasir-SEG\masks\cju2ysg748ru80878sp6j0gm0.jpg,572,547,3,0.304918,large,False,False,train,2
cju2yv4imv6cz099314jveiib,Kvasir-SEG\images\cju2yv4imv6cz099314jveiib.jpg,Kvasir-SEG\masks\cju2yv4imv6cz099314jveiib.jpg,621,529,3,0.110034,medium,False,False,train,1
cju2yw4s7z7p20988lmf2gdgd,Kvasir-SEG\images\cju2yw4s7z7p20988lmf2gdgd.jpg,Kvasir-SEG\masks\cju2yw4s7z7p20988lmf2gdgd.jpg,571,530,3,0.077068,medium,False,False,val,1
cju2yyhsp933j0855hp32e012,Kvasir-SEG\images\cju2yyhsp933j0855hp32e012.jpg,Kvasir-SEG\masks\cju2yyhsp933j0855hp32e012.jpg,593,435,3,0.19955,medium,False,False,train,1
cju2z1nxlzaj40835wj81s1iy,Kvasir-SEG\images\cju2z1nxlzaj40835wj81s1iy.jpg,Kvasir-SEG\masks\cju2z1nxlzaj40835wj81s1iy.jpg,622,531,3,0.220769,large,False,False,val,2
cju2z2x3nvd3c099350zgty7w,Kvasir-SEG\images\cju2z2x3nvd3c099350zgty7w.jpg,Kvasir-SEG\masks\cju2z2x3nvd3c099350zgty7w.jpg,553,530,3,0.065567,medium,False,False,train,0
cju2z45kuzf6d0988nz2c819m,Kvasir-SEG\images\cju2z45kuzf6d0988nz2c819m.jpg,Kvasir-SEG\masks\cju2z45kuzf6d0988nz2c819m.jpg,562,529,3,0.034474,small,False,False,train,4
cju2z6ez69g4u0801qwt088lw,Kvasir-SEG\images\cju2z6ez69g4u0801qwt088lw.jpg,Kvasir-SEG\masks\cju2z6ez69g4u0801qwt088lw.jpg,626,538,3,0.306038,large,False,False,train,1
cju2z9vlp9j0w0801oag91sy9,Kvasir-SEG\images\cju2z9vlp9j0w0801oag91sy9.jpg,Kvasir-SEG\masks\cju2z9vlp9j0w0801oag91sy9.jpg,622,531,3,0.067781,medium,False,False,train,4
cju2zblxw9848087853csbrx1,Kvasir-SEG\images\cju2zblxw9848087853csbrx1.jpg,Kvasir-SEG\masks\cju2zblxw9848087853csbrx1.jpg,586,530,3,0.092504,medium,False,False,train,4
cju2zdhsczmn50988z64qwg2q,Kvasir-SEG\images\cju2zdhsczmn50988z64qwg2q.jpg,Kvasir-SEG\masks\cju2zdhsczmn50988z64qwg2q.jpg,598,530,3,0.139676,medium,False,False,val,4
cju2zdvjn9h7r08553cp4eed5,Kvasir-SEG\images\cju2zdvjn9h7r08553cp4eed5.jpg,Kvasir-SEG\masks\cju2zdvjn9h7r08553cp4eed5.jpg,401,415,3,0.061725,medium,False,False,train,4
cju2zgbj9zmrw0835nnlzxj4c,Kvasir-SEG\images\cju2zgbj9zmrw0835nnlzxj4c.jpg,Kvasir-SEG\masks\cju2zgbj9zmrw0835nnlzxj4c.jpg,623,528,3,0.310296,large,False,False,train,3
cju2zi4l09f5807991s8do2b2,Kvasir-SEG\images\cju2zi4l09f5807991s8do2b2.jpg,Kvasir-SEG\masks\cju2zi4l09f5807991s8do2b2.jpg,622,530,3,0.101611,medium,False,False,val,2
cju2zjcvj9qma0801dk71hhi0,Kvasir-SEG\images\cju2zjcvj9qma0801dk71hhi0.jpg,Kvasir-SEG\masks\cju2zjcvj9qma0801dk71hhi0.jpg,622,528,3,0.368776,large,False,False,train,1
cju2zkpdl9h7t0799ix60teqg,Kvasir-SEG\images\cju2zkpdl9h7t0799ix60teqg.jpg,Kvasir-SEG\masks\cju2zkpdl9h7t0799ix60teqg.jpg,611,528,3,0.046487,small,False,False,train,4
cju2zm0axztpe0988r8s9twjr,Kvasir-SEG\images\cju2zm0axztpe0988r8s9twjr.jpg,Kvasir-SEG\masks\cju2zm0axztpe0988r8s9twjr.jpg,623,528,3,0.070295,medium,False,False,train,3
cju2zo0fwzv580988qlijd2xa,Kvasir-SEG\images\cju2zo0fwzv580988qlijd2xa.jpg,Kvasir-SEG\masks\cju2zo0fwzv580988qlijd2xa.jpg,616,530,3,0.082443,medium,False,False,test,0
cju2zp89k9q1g0855k1x0f1xa,Kvasir-SEG\images\cju2zp89k9q1g0855k1x0f1xa.jpg,Kvasir-SEG\masks\cju2zp89k9q1g0855k1x0f1xa.jpg,622,530,3,0.026894,small,False,False,train,4
cju2zpw4q9vzr0801p0lysjdl,Kvasir-SEG\images\cju2zpw4q9vzr0801p0lysjdl.jpg,Kvasir-SEG\masks\cju2zpw4q9vzr0801p0lysjdl.jpg,605,546,3,0.031826,small,False,False,train,0
cju2zr3c3vwb00993jn06bbaz,Kvasir-SEG\images\cju2zr3c3vwb00993jn06bbaz.jpg,Kvasir-SEG\masks\cju2zr3c3vwb00993jn06bbaz.jpg,575,531,3,0.051457,medium,False,False,train,1
cju2zrojo9kcd0878ld2epejq,Kvasir-SEG\images\cju2zrojo9kcd0878ld2epejq.jpg,Kvasir-SEG\masks\cju2zrojo9kcd0878ld2epejq.jpg,621,531,3,0.043145,small,False,False,test,1
cju2zwg05a0oy0801yr73ig7g,Kvasir-SEG\images\cju2zwg05a0oy0801yr73ig7g.jpg,Kvasir-SEG\masks\cju2zwg05a0oy0801yr73ig7g.jpg,599,531,3,0.117556,medium,False,False,train,3
cju2zxja9w1eh09933609ho9z,Kvasir-SEG\images\cju2zxja9w1eh09933609ho9z.jpg,Kvasir-SEG\masks\cju2zxja9w1eh09933609ho9z.jpg,584,530,3,0.037771,small,False,False,train,3
cju2zy1e49pqk0878t6ncqn12,Kvasir-SEG\images\cju2zy1e49pqk0878t6ncqn12.jpg,Kvasir-SEG\masks\cju2zy1e49pqk0878t6ncqn12.jpg,622,529,3,0.032483,small,False,False,train,2
cju300m3s04fg0988uzupuf7z,Kvasir-SEG\images\cju300m3s04fg0988uzupuf7z.jpg,Kvasir-SEG\masks\cju300m3s04fg0988uzupuf7z.jpg,622,529,3,0.172159,medium,False,False,train,2
cju302fqq9spc0878rrygyzzz,Kvasir-SEG\images\cju302fqq9spc0878rrygyzzz.jpg,Kvasir-SEG\masks\cju302fqq9spc0878rrygyzzz.jpg,592,528,3,0.221457,large,False,False,train,4
cju303j5r062k098835zxfds5,Kvasir-SEG\images\cju303j5r062k098835zxfds5.jpg,Kvasir-SEG\masks\cju303j5r062k098835zxfds5.jpg,626,546,3,0.082482,medium,False,False,train,2
cju30525w04r10835ygp257sb,Kvasir-SEG\images\cju30525w04r10835ygp257sb.jpg,Kvasir-SEG\masks\cju30525w04r10835ygp257sb.jpg,622,530,3,0.095459,medium,False,False,test,3
cju306x7w05nb0835cunv799x,Kvasir-SEG\images\cju306x7w05nb0835cunv799x.jpg,Kvasir-SEG\masks\cju306x7w05nb0835cunv799x.jpg,626,546,3,0.159001,medium,False,False,test,1
cju30ajhw09sx0988qyahx9s8,Kvasir-SEG\images\cju30ajhw09sx0988qyahx9s8.jpg,Kvasir-SEG\masks\cju30ajhw09sx0988qyahx9s8.jpg,622,530,3,0.282716,large,False,False,train,2
cju30bmab08bi0835mvlr6e0r,Kvasir-SEG\images\cju30bmab08bi0835mvlr6e0r.jpg,Kvasir-SEG\masks\cju30bmab08bi0835mvlr6e0r.jpg,622,530,3,0.097758,medium,False,False,train,3
cju30df2j09dd08351ayx2t6w,Kvasir-SEG\images\cju30df2j09dd08351ayx2t6w.jpg,Kvasir-SEG\masks\cju30df2j09dd08351ayx2t6w.jpg,622,530,3,0.111136,medium,False,False,train,2
cju30ftgja7170855xl9bkdm0,Kvasir-SEG\images\cju30ftgja7170855xl9bkdm0.jpg,Kvasir-SEG\masks\cju30ftgja7170855xl9bkdm0.jpg,595,531,3,0.293339,large,False,False,train,1
cju30gxjq0djk0988jytm49rs,Kvasir-SEG\images\cju30gxjq0djk0988jytm49rs.jpg,Kvasir-SEG\masks\cju30gxjq0djk0988jytm49rs.jpg,622,530,3,0.080277,medium,False,False,train,0
cju30ia8da2bq0799klnehml2,Kvasir-SEG\images\cju30ia8da2bq0799klnehml2.jpg,Kvasir-SEG\masks\cju30ia8da2bq0799klnehml2.jpg,571,531,3,0.44362,large,False,False,train,3
cju30j1rgadut0801vuyrsnt8,Kvasir-SEG\images\cju30j1rgadut0801vuyrsnt8.jpg,Kvasir-SEG\masks\cju30j1rgadut0801vuyrsnt8.jpg,570,530,3,0.024459,small,False,False,train,2
cju30k2z40ds308353kdew70n,Kvasir-SEG\images\cju30k2z40ds308353kdew70n.jpg,Kvasir-SEG\masks\cju30k2z40ds308353kdew70n.jpg,618,528,3,0.087327,medium,False,False,train,3
cju30lncba3ny0878jwnous8n,Kvasir-SEG\images\cju30lncba3ny0878jwnous8n.jpg,Kvasir-SEG\masks\cju30lncba3ny0878jwnous8n.jpg,570,530,3,0.068832,medium,False,False,test,2
cju30mm25a53s0799qa5wiqe8,Kvasir-SEG\images\cju30mm25a53s0799qa5wiqe8.jpg,Kvasir-SEG\masks\cju30mm25a53s0799qa5wiqe8.jpg,622,529,3,0.024657,small,False,False,val,2
cju30nyxe0gfb0835p256yoju,Kvasir-SEG\images\cju30nyxe0gfb0835p256yoju.jpg,Kvasir-SEG\masks\cju30nyxe0gfb0835p256yoju.jpg,622,530,3,0.508712,large,False,False,train,1
cju30ov1oah920801mi8thuyg,Kvasir-SEG\images\cju30ov1oah920801mi8thuyg.jpg,Kvasir-SEG\masks\cju30ov1oah920801mi8thuyg.jpg,571,530,3,0.031279,small,False,False,test,3
cju30qbm1ad3x0855znuhpz9u,Kvasir-SEG\images\cju30qbm1ad3x0855znuhpz9u.jpg,Kvasir-SEG\masks\cju30qbm1ad3x0855znuhpz9u.jpg,622,529,3,0.30774,large,False,False,test,4
cju30u1hbakn808019g15nb8b,Kvasir-SEG\images\cju30u1hbakn808019g15nb8b.jpg,Kvasir-SEG\masks\cju30u1hbakn808019g15nb8b.jpg,510,528,3,0.071026,medium,False,False,train,1
cju30xqmh0ni00835ix3batv1,Kvasir-SEG\images\cju30xqmh0ni00835ix3batv1.jpg,Kvasir-SEG\masks\cju30xqmh0ni00835ix3batv1.jpg,622,529,3,0.202578,large,False,False,test,1
cju30ywtc0oar0835bp2en7ec,Kvasir-SEG\images\cju30ywtc0oar0835bp2en7ec.jpg,Kvasir-SEG\masks\cju30ywtc0oar0835bp2en7ec.jpg,1348,1062,3,0.139475,medium,False,False,train,0
cju310f6val1v0855xo8tc3gu,Kvasir-SEG\images\cju310f6val1v0855xo8tc3gu.jpg,Kvasir-SEG\masks\cju310f6val1v0855xo8tc3gu.jpg,622,531,3,0.576435,large,False,False,train,0
cju3128yi0rpu0988o4oo5n8n,Kvasir-SEG\images\cju3128yi0rpu0988o4oo5n8n.jpg,Kvasir-SEG\masks\cju3128yi0rpu0988o4oo5n8n.jpg,622,531,3,0.040553,small,False,False,train,4
cju31rb7vb6110801p9rhacuw,Kvasir-SEG\images\cju31rb7vb6110801p9rhacuw.jpg,Kvasir-SEG\masks\cju31rb7vb6110801p9rhacuw.jpg,622,530,3,0.052278,medium,False,False,test,2
cju31t8xd17bk0835rnb893jk,Kvasir-SEG\images\cju31t8xd17bk0835rnb893jk.jpg,Kvasir-SEG\masks\cju31t8xd17bk0835rnb893jk.jpg,622,529,3,0.005787,small,False,False,train,1
cju31ugmfb3dz0855xtqshki6,Kvasir-SEG\images\cju31ugmfb3dz0855xtqshki6.jpg,Kvasir-SEG\masks\cju31ugmfb3dz0855xtqshki6.jpg,612,544,3,0.081399,medium,False,False,val,1
cju31w6goazci0799n014ly1q,Kvasir-SEG\images\cju31w6goazci0799n014ly1q.jpg,Kvasir-SEG\masks\cju31w6goazci0799n014ly1q.jpg,627,547,3,0.125901,medium,False,False,test,0
cju31y80qbawn0801twwm2l5s,Kvasir-SEG\images\cju31y80qbawn0801twwm2l5s.jpg,Kvasir-SEG\masks\cju31y80qbawn0801twwm2l5s.jpg,569,495,3,0.189668,medium,False,False,train,0
cju320gyvbch60801v2amdi2g,Kvasir-SEG\images\cju320gyvbch60801v2amdi2g.jpg,Kvasir-SEG\masks\cju320gyvbch60801v2amdi2g.jpg,616,503,3,0.207534,large,False,False,train,1
cju323ypb1fbb0988gx5rzudb,Kvasir-SEG\images\cju323ypb1fbb0988gx5rzudb.jpg,Kvasir-SEG\masks\cju323ypb1fbb0988gx5rzudb.jpg,604,530,3,0.380007,large,False,False,train,3
cju324q101fhe08350wae9cif,Kvasir-SEG\images\cju324q101fhe08350wae9cif.jpg,Kvasir-SEG\masks\cju324q101fhe08350wae9cif.jpg,618,530,3,0.098238,medium,False,False,train,2
cju326h4v1gxw08352px40p7r,Kvasir-SEG\images\cju326h4v1gxw08352px40p7r.jpg,Kvasir-SEG\masks\cju326h4v1gxw08352px40p7r.jpg,616,528,3,0.385823,large,False,False,val,4
cju3280wv1ir009882jze27tc,Kvasir-SEG\images\cju3280wv1ir009882jze27tc.jpg,Kvasir-SEG\masks\cju3280wv1ir009882jze27tc.jpg,571,530,3,0.146367,medium,False,False,val,2
cju32a52lb9rc0799xi40qs00,Kvasir-SEG\images\cju32a52lb9rc0799xi40qs00.jpg,Kvasir-SEG\masks\cju32a52lb9rc0799xi40qs00.jpg,621,529,3,0.35361,large,False,False,train,2
cju32csyfblyh080170aa3x5p,Kvasir-SEG\images\cju32csyfblyh080170aa3x5p.jpg,Kvasir-SEG\masks\cju32csyfblyh080170aa3x5p.jpg,626,547,3,0.120188,medium,False,False,val,2
cju32fhnhbds40799broyoptc,Kvasir-SEG\images\cju32fhnhbds40799broyoptc.jpg,Kvasir-SEG\masks\cju32fhnhbds40799broyoptc.jpg,621,530,3,0.051013,medium,False,False,train,1
cju32gzs6xo8x0993r8tedbpb,Kvasir-SEG\images\cju32gzs6xo8x0993r8tedbpb.jpg,Kvasir-SEG\masks\cju32gzs6xo8x0993r8tedbpb.jpg,626,547,3,0.131338,medium,False,False,train,1
cju32jcdabepz0878d0cznmfe,Kvasir-SEG\images\cju32jcdabepz0878d0cznmfe.jpg,Kvasir-SEG\masks\cju32jcdabepz0878d0cznmfe.jpg,622,530,3,0.141236,medium,False,False,val,1
cju32l161bi1v07990vm376in,Kvasir-SEG\images\cju32l161bi1v07990vm376in.jpg,Kvasir-SEG\masks\cju32l161bi1v07990vm376in.jpg,622,529,3,0.03216,small,False,False,val,1
cju32phw2bv130801yj7bkouq,Kvasir-SEG\images\cju32phw2bv130801yj7bkouq.jpg,Kvasir-SEG\masks\cju32phw2bv130801yj7bkouq.jpg,626,547,3,0.561967,large,False,False,val,2
cju32pzh9bpw10855q4vaxfhe,Kvasir-SEG\images\cju32pzh9bpw10855q4vaxfhe.jpg,Kvasir-SEG\masks\cju32pzh9bpw10855q4vaxfhe.jpg,621,546,3,0.055004,medium,False,False,val,1
cju32qr9tbvsj08013pkpjenq,Kvasir-SEG\images\cju32qr9tbvsj08013pkpjenq.jpg,Kvasir-SEG\masks\cju32qr9tbvsj08013pkpjenq.jpg,615,546,3,0.066685,medium,False,False,test,1
cju32srle1xfq083575i3fl75,Kvasir-SEG\images\cju32srle1xfq083575i3fl75.jpg,Kvasir-SEG\masks\cju32srle1xfq083575i3fl75.jpg,626,547,3,0.063232,medium,False,False,train,0
cju32upim1z7u0988l883nqp6,Kvasir-SEG\images\cju32upim1z7u0988l883nqp6.jpg,Kvasir-SEG\masks\cju32upim1z7u0988l883nqp6.jpg,570,479,3,0.134304,medium,False,False,train,3
cju32zhbnc1oy0801iyv1ix6p,Kvasir-SEG\images\cju32zhbnc1oy0801iyv1ix6p.jpg,Kvasir-SEG\masks\cju32zhbnc1oy0801iyv1ix6p.jpg,622,531,3,0.252518,large,False,False,train,3
cju330ofbc2l30801th5g3hw6,Kvasir-SEG\images\cju330ofbc2l30801th5g3hw6.jpg,Kvasir-SEG\masks\cju330ofbc2l30801th5g3hw6.jpg,495,529,3,0.039782,small,False,False,train,0
cju33231uy4gi0993qc7b1jch,Kvasir-SEG\images\cju33231uy4gi0993qc7b1jch.jpg,Kvasir-SEG\masks\cju33231uy4gi0993qc7b1jch.jpg,622,529,3,0.057711,medium,False,False,train,4
cju334jzo261t0835yqudnfs1,Kvasir-SEG\images\cju334jzo261t0835yqudnfs1.jpg,Kvasir-SEG\masks\cju334jzo261t0835yqudnfs1.jpg,623,528,3,0.200131,large,False,False,val,4
cju336l68y7if0993wf092166,Kvasir-SEG\images\cju336l68y7if0993wf092166.jpg,Kvasir-SEG\masks\cju336l68y7if0993wf092166.jpg,583,530,3,0.225959,large,False,False,train,1
cju3381d8bz3h07991xtl7ra0,Kvasir-SEG\images\cju3381d8bz3h07991xtl7ra0.jpg,Kvasir-SEG\masks\cju3381d8bz3h07991xtl7ra0.jpg,567,528,3,0.050111,medium,False,False,test,4
cju33belnbyhm0878yxl42233,Kvasir-SEG\images\cju33belnbyhm0878yxl42233.jpg,Kvasir-SEG\masks\cju33belnbyhm0878yxl42233.jpg,613,528,3,0.066912,medium,False,False,train,1
cju33eqwbcch208012jikwdky,Kvasir-SEG\images\cju33eqwbcch208012jikwdky.jpg,Kvasir-SEG\masks\cju33eqwbcch208012jikwdky.jpg,626,547,3,0.139287,medium,False,False,train,3
cju33jon3ygbj0993pu22a4k6,Kvasir-SEG\images\cju33jon3ygbj0993pu22a4k6.jpg,Kvasir-SEG\masks\cju33jon3ygbj0993pu22a4k6.jpg,626,547,3,0.041256,small,False,False,test,4
cju33mirdc8mj0799k33wzoes,Kvasir-SEG\images\cju33mirdc8mj0799k33wzoes.jpg,Kvasir-SEG\masks\cju33mirdc8mj0799k33wzoes.jpg,626,547,3,0.169995,medium,False,False,val,3
cju33o12x2jm50988944mxq0v,Kvasir-SEG\images\cju33o12x2jm50988944mxq0v.jpg,Kvasir-SEG\masks\cju33o12x2jm50988944mxq0v.jpg,622,530,3,0.033565,small,False,False,test,3
cju33qpdvc9g0087825jhf3s9,Kvasir-SEG\images\cju33qpdvc9g0087825jhf3s9.jpg,Kvasir-SEG\masks\cju33qpdvc9g0087825jhf3s9.jpg,622,531,3,0.034116,small,False,False,test,2
cju33w4sdcivk0855x879zht7,Kvasir-SEG\images\cju33w4sdcivk0855x879zht7.jpg,Kvasir-SEG\masks\cju33w4sdcivk0855x879zht7.jpg,617,547,3,0.075668,medium,False,False,train,2
cju33x0f22peh0988g0ln7w5v,Kvasir-SEG\images\cju33x0f22peh0988g0ln7w5v.jpg,Kvasir-SEG\masks\cju33x0f22peh0988g0ln7w5v.jpg,597,528,3,0.026744,small,False,False,val,1
cju33yemn2qb20988wfjxximx,Kvasir-SEG\images\cju33yemn2qb20988wfjxximx.jpg,Kvasir-SEG\masks\cju33yemn2qb20988wfjxximx.jpg,622,511,3,0.042896,small,False,False,train,0
cju33za6l2qy70988jhrlp2ev,Kvasir-SEG\images\cju33za6l2qy70988jhrlp2ev.jpg,Kvasir-SEG\masks\cju33za6l2qy70988jhrlp2ev.jpg,626,546,3,0.057271,medium,False,False,train,4
cju34aozyyy830993bn16u32n,Kvasir-SEG\images\cju34aozyyy830993bn16u32n.jpg,Kvasir-SEG\masks\cju34aozyyy830993bn16u32n.jpg,609,530,3,0.265669,large,False,False,train,4
cju34c1xfyz920993itxkkfad,Kvasir-SEG\images\cju34c1xfyz920993itxkkfad.jpg,Kvasir-SEG\masks\cju34c1xfyz920993itxkkfad.jpg,570,508,3,0.257432,large,False,False,test,0
cju34ds2531520988qjpqt6e3,Kvasir-SEG\images\cju34ds2531520988qjpqt6e3.jpg,Kvasir-SEG\masks\cju34ds2531520988qjpqt6e3.jpg,617,531,3,0.18207,medium,False,False,train,0
cju34eqjpcpm508788b3lhp97,Kvasir-SEG\images\cju34eqjpcpm508788b3lhp97.jpg,Kvasir-SEG\masks\cju34eqjpcpm508788b3lhp97.jpg,557,531,3,0.100048,medium,False,False,train,3
cju34fojcctcf0799ebolbvkn,Kvasir-SEG\images\cju34fojcctcf0799ebolbvkn.jpg,Kvasir-SEG\masks\cju34fojcctcf0799ebolbvkn.jpg,626,547,3,0.027603,small,False,False,test,1
cju34i3qvcyog0855qiejxx5w,Kvasir-SEG\images\cju34i3qvcyog0855qiejxx5w.jpg,Kvasir-SEG\masks\cju34i3qvcyog0855qiejxx5w.jpg,622,529,3,0.286879,large,False,False,train,3
cju34m7h536wq0988xz7gx79v,Kvasir-SEG\images\cju34m7h536wq0988xz7gx79v.jpg,Kvasir-SEG\masks\cju34m7h536wq0988xz7gx79v.jpg,617,531,3,0.103242,medium,False,False,train,0
cju34o6dbd2lo0855aqlcy1hs,Kvasir-SEG\images\cju34o6dbd2lo0855aqlcy1hs.jpg,Kvasir-SEG\masks\cju34o6dbd2lo0855aqlcy1hs.jpg,623,476,3,0.046465,small,False,False,val,2
cju34ouumcznz07996gg1xq7v,Kvasir-SEG\images\cju34ouumcznz07996gg1xq7v.jpg,Kvasir-SEG\masks\cju34ouumcznz07996gg1xq7v.jpg,626,547,3,0.175915,medium,False,False,train,3
cju34repocy5208780gswillm,Kvasir-SEG\images\cju34repocy5208780gswillm.jpg,Kvasir-SEG\masks\cju34repocy5208780gswillm.jpg,622,529,3,0.224102,large,False,False,val,3
cju34sh43d8zm08019xbwhc0o,Kvasir-SEG\images\cju34sh43d8zm08019xbwhc0o.jpg,Kvasir-SEG\masks\cju34sh43d8zm08019xbwhc0o.jpg,620,530,3,0.117212,medium,False,False,val,2
cju34uhepd3dd0799hs8782ad,Kvasir-SEG\images\cju34uhepd3dd0799hs8782ad.jpg,Kvasir-SEG\masks\cju34uhepd3dd0799hs8782ad.jpg,626,546,3,0.024819,small,False,False,train,4
cju34xspwzenf0993cyzajv9n,Kvasir-SEG\images\cju34xspwzenf0993cyzajv9n.jpg,Kvasir-SEG\masks\cju34xspwzenf0993cyzajv9n.jpg,626,547,3,0.18905,medium,False,False,train,1
cju34ymm8d6700799uop0cw33,Kvasir-SEG\images\cju34ymm8d6700799uop0cw33.jpg,Kvasir-SEG\masks\cju34ymm8d6700799uop0cw33.jpg,621,531,3,0.048261,small,False,False,train,0
cju34zivp3fq80988opxbaqyn,Kvasir-SEG\images\cju34zivp3fq80988opxbaqyn.jpg,Kvasir-SEG\masks\cju34zivp3fq80988opxbaqyn.jpg,580,528,3,0.07259,medium,False,False,train,3
cju3518w2d838079939fqztbc,Kvasir-SEG\images\cju3518w2d838079939fqztbc.jpg,Kvasir-SEG\masks\cju3518w2d838079939fqztbc.jpg,623,529,3,0.170302,medium,False,False,val,3
cju3521y5d5mq0878t3ezsu4p,Kvasir-SEG\images\cju3521y5d5mq0878t3ezsu4p.jpg,Kvasir-SEG\masks\cju3521y5d5mq0878t3ezsu4p.jpg,622,530,3,0.061048,medium,False,False,train,1
cju353d1eda8c07992afde611,Kvasir-SEG\images\cju353d1eda8c07992afde611.jpg,Kvasir-SEG\masks\cju353d1eda8c07992afde611.jpg,622,528,3,0.091585,medium,False,False,train,3
cju35740hzm0g0993zl5ic246,Kvasir-SEG\images\cju35740hzm0g0993zl5ic246.jpg,Kvasir-SEG\masks\cju35740hzm0g0993zl5ic246.jpg,557,474,3,0.043736,small,False,False,train,3
cju357rxxdaz30878y2esjpjt,Kvasir-SEG\images\cju357rxxdaz30878y2esjpjt.jpg,Kvasir-SEG\masks\cju357rxxdaz30878y2esjpjt.jpg,558,531,3,0.033372,small,False,False,train,4
cju358pwtdby20878cg7nm0np,Kvasir-SEG\images\cju358pwtdby20878cg7nm0np.jpg,Kvasir-SEG\masks\cju358pwtdby20878cg7nm0np.jpg,581,528,3,0.044682,small,False,False,train,1
cju35a77vdj4n08556jj2lgmc,Kvasir-SEG\images\cju35a77vdj4n08556jj2lgmc.jpg,Kvasir-SEG\masks\cju35a77vdj4n08556jj2lgmc.jpg,570,530,3,0.271258,large,False,False,test,2
cju35atpxdjot0855q46aqrd0,Kvasir-SEG\images\cju35atpxdjot0855q46aqrd0.jpg,Kvasir-SEG\masks\cju35atpxdjot0855q46aqrd0.jpg,626,546,3,0.079246,medium,False,False,test,3
cju35c4wzdhow0799h6eq4sgs,Kvasir-SEG\images\cju35c4wzdhow0799h6eq4sgs.jpg,Kvasir-SEG\masks\cju35c4wzdhow0799h6eq4sgs.jpg,599,531,3,0.122118,medium,False,False,train,1
cju35eg0tdmjt085525sb4bua,Kvasir-SEG\images\cju35eg0tdmjt085525sb4bua.jpg,Kvasir-SEG\masks\cju35eg0tdmjt085525sb4bua.jpg,599,528,3,0.076984,medium,False,False,train,3
cju35fxqyzt5p0993vusm54qz,Kvasir-SEG\images\cju35fxqyzt5p0993vusm54qz.jpg,Kvasir-SEG\masks\cju35fxqyzt5p0993vusm54qz.jpg,613,531,3,0.159197,medium,False,False,test,0
cju35i2e63uxr0835h7zgkg9k,Kvasir-SEG\images\cju35i2e63uxr0835h7zgkg9k.jpg,Kvasir-SEG\masks\cju35i2e63uxr0835h7zgkg9k.jpg,614,531,3,0.172473,medium,False,False,train,4
cju35k2fr3vc50988c85qkrwg,Kvasir-SEG\images\cju35k2fr3vc50988c85qkrwg.jpg,Kvasir-SEG\masks\cju35k2fr3vc50988c85qkrwg.jpg,570,530,3,0.065223,medium,False,False,val,1
cju35ldepdtlm0801yv79y8vu,Kvasir-SEG\images\cju35ldepdtlm0801yv79y8vu.jpg,Kvasir-SEG\masks\cju35ldepdtlm0801yv79y8vu.jpg,626,547,3,0.049235,small,False,False,test,2
cju35mdz73x890835eynq1h9v,Kvasir-SEG\images\cju35mdz73x890835eynq1h9v.jpg,Kvasir-SEG\masks\cju35mdz73x890835eynq1h9v.jpg,570,529,3,0.140633,medium,False,False,train,2
cju35oyvd3y850988km12hdz1,Kvasir-SEG\images\cju35oyvd3y850988km12hdz1.jpg,Kvasir-SEG\masks\cju35oyvd3y850988km12hdz1.jpg,590,506,3,0.089,medium,False,False,train,0
cju3tp94kfstl08181awh6z49,Kvasir-SEG\images\cju3tp94kfstl08181awh6z49.jpg,Kvasir-SEG\masks\cju3tp94kfstl08181awh6z49.jpg,593,530,3,0.608209,large,False,False,test,3
cju3tsh4lfsok0987w6x3a0v1,Kvasir-SEG\images\cju3tsh4lfsok0987w6x3a0v1.jpg,Kvasir-SEG\masks\cju3tsh4lfsok0987w6x3a0v1.jpg,622,530,3,0.372681,large,False,False,train,0
cju3ttznuftyf09875t11850w,Kvasir-SEG\images\cju3ttznuftyf09875t11850w.jpg,Kvasir-SEG\masks\cju3ttznuftyf09875t11850w.jpg,626,547,3,0.101369,medium,False,False,train,2
cju3tvffffx5f0818t5ov22al,Kvasir-SEG\images\cju3tvffffx5f0818t5ov22al.jpg,Kvasir-SEG\masks\cju3tvffffx5f0818t5ov22al.jpg,622,530,3,0.227729,large,False,False,train,1
cju3tx1qyg0c907552fglumhc,Kvasir-SEG\images\cju3tx1qyg0c907552fglumhc.jpg,Kvasir-SEG\masks\cju3tx1qyg0c907552fglumhc.jpg,622,529,3,0.078438,medium,False,False,train,2
cju3u1c8tfyqx08503iedc3mx,Kvasir-SEG\images\cju3u1c8tfyqx08503iedc3mx.jpg,Kvasir-SEG\masks\cju3u1c8tfyqx08503iedc3mx.jpg,622,528,3,0.152337,medium,False,False,train,3
cju3u39fog1bo0871lxjrabks,Kvasir-SEG\images\cju3u39fog1bo0871lxjrabks.jpg,Kvasir-SEG\masks\cju3u39fog1bo0871lxjrabks.jpg,1205,1010,3,0.086793,medium,False,False,train,1
cju3u4lxmg59o0755rz42b9en,Kvasir-SEG\images\cju3u4lxmg59o0755rz42b9en.jpg,Kvasir-SEG\masks\cju3u4lxmg59o0755rz42b9en.jpg,622,528,3,0.133815,medium,False,False,train,4
cju3u815rg4ek0850vvhtcvcm,Kvasir-SEG\images\cju3u815rg4ek0850vvhtcvcm.jpg,Kvasir-SEG\masks\cju3u815rg4ek0850vvhtcvcm.jpg,595,546,3,0.448367,large,False,False,test,3
cju3ua8u0g9rg0801uayhdxhu,Kvasir-SEG\images\cju3ua8u0g9rg0801uayhdxhu.jpg,Kvasir-SEG\masks\cju3ua8u0g9rg0801uayhdxhu.jpg,622,530,3,0.14083,medium,False,False,train,0
cju3uhb79gcgr0871orbrbi3x,Kvasir-SEG\images\cju3uhb79gcgr0871orbrbi3x.jpg,Kvasir-SEG\masks\cju3uhb79gcgr0871orbrbi3x.jpg,622,531,3,0.046042,small,False,False,train,2
cju3ul8dogf1z09872y2ecowp,Kvasir-SEG\images\cju3ul8dogf1z09872y2ecowp.jpg,Kvasir-SEG\masks\cju3ul8dogf1z09872y2ecowp.jpg,609,531,3,0.047536,small,False,False,val,4
cju3umoh1geet0817cmpef5am,Kvasir-SEG\images\cju3umoh1geet0817cmpef5am.jpg,Kvasir-SEG\masks\cju3umoh1geet0817cmpef5am.jpg,599,531,3,0.107332,medium,False,False,val,3
cju3uwz6ogsp10801h2r3bj5l,Kvasir-SEG\images\cju3uwz6ogsp10801h2r3bj5l.jpg,Kvasir-SEG\masks\cju3uwz6ogsp10801h2r3bj5l.jpg,622,531,3,0.068859,medium,False,False,train,3
cju3uz4o6gr9z0850lhxyxvsj,Kvasir-SEG\images\cju3uz4o6gr9z0850lhxyxvsj.jpg,Kvasir-SEG\masks\cju3uz4o6gr9z0850lhxyxvsj.jpg,1348,1070,3,0.206772,large,False,False,train,3
cju3v0fl3gwce0755qkjhzmd4,Kvasir-SEG\images\cju3v0fl3gwce0755qkjhzmd4.jpg,Kvasir-SEG\masks\cju3v0fl3gwce0755qkjhzmd4.jpg,621,530,3,0.218114,large,False,False,train,2
cju3v11mrgwwb0755u242ygye,Kvasir-SEG\images\cju3v11mrgwwb0755u242ygye.jpg,Kvasir-SEG\masks\cju3v11mrgwwb0755u242ygye.jpg,622,530,3,0.074104,medium,False,False,test,3
cju3v3ac9gyz30755hfqwyp1i,Kvasir-SEG\images\cju3v3ac9gyz30755hfqwyp1i.jpg,Kvasir-SEG\masks\cju3v3ac9gyz30755hfqwyp1i.jpg,578,530,3,0.073461,medium,False,False,train,3
cju3v56bwgy8v0871w14pz8fx,Kvasir-SEG\images\cju3v56bwgy8v0871w14pz8fx.jpg,Kvasir-SEG\masks\cju3v56bwgy8v0871w14pz8fx.jpg,570,531,3,0.158724,medium,False,False,train,3
cju3v664kh0px0818y4y7wolf,Kvasir-SEG\images\cju3v664kh0px0818y4y7wolf.jpg,Kvasir-SEG\masks\cju3v664kh0px0818y4y7wolf.jpg,621,531,3,0.061267,medium,False,False,train,1
cju3v72v5h1qz0818fggilwtq,Kvasir-SEG\images\cju3v72v5h1qz0818fggilwtq.jpg,Kvasir-SEG\masks\cju3v72v5h1qz0818fggilwtq.jpg,622,529,3,0.035719,small,False,False,val,1
cju3wstckialg0871xs0vevsj,Kvasir-SEG\images\cju3wstckialg0871xs0vevsj.jpg,Kvasir-SEG\masks\cju3wstckialg0871xs0vevsj.jpg,564,529,3,0.330545,large,False,False,train,1
cju3x2s11ibzi0817kk284k0j,Kvasir-SEG\images\cju3x2s11ibzi0817kk284k0j.jpg,Kvasir-SEG\masks\cju3x2s11ibzi0817kk284k0j.jpg,622,530,3,0.100522,medium,False,False,train,0
cju3x4blzieu30850x10uuvbm,Kvasir-SEG\images\cju3x4blzieu30850x10uuvbm.jpg,Kvasir-SEG\masks\cju3x4blzieu30850x10uuvbm.jpg,1210,1011,3,0.070664,medium,False,False,train,0
cju3x5u2tiihx0818914gzxy1,Kvasir-SEG\images\cju3x5u2tiihx0818914gzxy1.jpg,Kvasir-SEG\masks\cju3x5u2tiihx0818914gzxy1.jpg,622,530,3,0.240172,large,False,False,train,4
cju3x7xsaijq80818f0psavav,Kvasir-SEG\images\cju3x7xsaijq80818f0psavav.jpg,Kvasir-SEG\masks\cju3x7xsaijq80818f0psavav.jpg,590,531,3,0.125449,medium,False,False,val,4
cju3x9lttikfb0818a0g104zn,Kvasir-SEG\images\cju3x9lttikfb0818a0g104zn.jpg,Kvasir-SEG\masks\cju3x9lttikfb0818a0g104zn.jpg,622,530,3,0.053755,medium,False,False,train,1
cju3xeexgii1j0817zs68tb4g,Kvasir-SEG\images\cju3xeexgii1j0817zs68tb4g.jpg,Kvasir-SEG\masks\cju3xeexgii1j0817zs68tb4g.jpg,622,528,3,0.338561,large,False,False,train,1
cju3xga12iixg0817dijbvjxw,Kvasir-SEG\images\cju3xga12iixg0817dijbvjxw.jpg,Kvasir-SEG\masks\cju3xga12iixg0817dijbvjxw.jpg,622,530,3,0.290988,large,False,False,train,4
cju3xhpvvimda0987ygrpzni2,Kvasir-SEG\images\cju3xhpvvimda0987ygrpzni2.jpg,Kvasir-SEG\masks\cju3xhpvvimda0987ygrpzni2.jpg,622,530,3,0.08817,medium,False,False,train,0
cju3xiic0ilzp0850lusrb42j,Kvasir-SEG\images\cju3xiic0ilzp0850lusrb42j.jpg,Kvasir-SEG\masks\cju3xiic0ilzp0850lusrb42j.jpg,571,530,3,0.028114,small,False,False,train,0
cju3xjqtpikx50817tppy6g84,Kvasir-SEG\images\cju3xjqtpikx50817tppy6g84.jpg,Kvasir-SEG\masks\cju3xjqtpikx50817tppy6g84.jpg,622,530,3,0.146854,medium,False,False,train,1
cju3xl264ingx0850rcf0rshj,Kvasir-SEG\images\cju3xl264ingx0850rcf0rshj.jpg,Kvasir-SEG\masks\cju3xl264ingx0850rcf0rshj.jpg,622,531,3,0.101704,medium,False,False,train,4
cju3xtufwiv9c0818djsc4cqd,Kvasir-SEG\images\cju3xtufwiv9c0818djsc4cqd.jpg,Kvasir-SEG\masks\cju3xtufwiv9c0818djsc4cqd.jpg,615,530,3,0.055171,medium,False,False,train,4
cju3xuj20ivgp0818mij8bjrd,Kvasir-SEG\images\cju3xuj20ivgp0818mij8bjrd.jpg,Kvasir-SEG\masks\cju3xuj20ivgp0818mij8bjrd.jpg,622,527,3,0.029811,small,False,False,train,4
cju3xvoo2iqlc0817eku2r3wl,Kvasir-SEG\images\cju3xvoo2iqlc0817eku2r3wl.jpg,Kvasir-SEG\masks\cju3xvoo2iqlc0817eku2r3wl.jpg,446,530,3,0.051091,medium,False,False,test,2
cju3xwpgviwlx0871rwm15q7v,Kvasir-SEG\images\cju3xwpgviwlx0871rwm15q7v.jpg,Kvasir-SEG\masks\cju3xwpgviwlx0871rwm15q7v.jpg,626,547,3,0.070209,medium,False,False,train,3
cju3xzvnzj0hd0755xprz39nj,Kvasir-SEG\images\cju3xzvnzj0hd0755xprz39nj.jpg,Kvasir-SEG\masks\cju3xzvnzj0hd0755xprz39nj.jpg,625,513,3,0.354979,large,False,False,train,3
cju3y0pjrj1c30755nxekxccj,Kvasir-SEG\images\cju3y0pjrj1c30755nxekxccj.jpg,Kvasir-SEG\masks\cju3y0pjrj1c30755nxekxccj.jpg,570,531,3,0.038104,small,False,False,train,2
cju3y21quj0ir0818kgjagr15,Kvasir-SEG\images\cju3y21quj0ir0818kgjagr15.jpg,Kvasir-SEG\masks\cju3y21quj0ir0818kgjagr15.jpg,626,546,3,0.261896,large,False,False,val,0
cju3y54kwj3nr0801biidlb4e,Kvasir-SEG\images\cju3y54kwj3nr0801biidlb4e.jpg,Kvasir-SEG\masks\cju3y54kwj3nr0801biidlb4e.jpg,620,546,3,0.579821,large,False,False,train,0
cju3y79ofj3va0871uqfb1mzo,Kvasir-SEG\images\cju3y79ofj3va0871uqfb1mzo.jpg,Kvasir-SEG\masks\cju3y79ofj3va0871uqfb1mzo.jpg,598,530,3,0.108125,medium,False,False,train,1
cju3y9difj6th0801kd1rqm3w,Kvasir-SEG\images\cju3y9difj6th0801kd1rqm3w.jpg,Kvasir-SEG\masks\cju3y9difj6th0801kd1rqm3w.jpg,597,529,3,0.099606,medium,False,False,train,2
cju3ya7goj6at0818v2l5ay7f,Kvasir-SEG\images\cju3ya7goj6at0818v2l5ay7f.jpg,Kvasir-SEG\masks\cju3ya7goj6at0818v2l5ay7f.jpg,626,547,3,0.033771,small,False,False,train,2
cju3yb47cj1xq0817zfotbni4,Kvasir-SEG\images\cju3yb47cj1xq0817zfotbni4.jpg,Kvasir-SEG\masks\cju3yb47cj1xq0817zfotbni4.jpg,626,547,3,0.129165,medium,False,False,train,4
cju3yht87j83m08507yk1u1fg,Kvasir-SEG\images\cju3yht87j83m08507yk1u1fg.jpg,Kvasir-SEG\masks\cju3yht87j83m08507yk1u1fg.jpg,570,530,3,0.430235,large,False,False,train,0
cju3ykamdj9u208503pygyuc8,Kvasir-SEG\images\cju3ykamdj9u208503pygyuc8.jpg,Kvasir-SEG\masks\cju3ykamdj9u208503pygyuc8.jpg,1220,1010,3,0.016682,small,False,False,train,1
cju40jl7skiuo0817p0smlgg8,Kvasir-SEG\images\cju40jl7skiuo0817p0smlgg8.jpg,Kvasir-SEG\masks\cju40jl7skiuo0817p0smlgg8.jpg,601,506,3,0.316686,large,False,False,train,0
cju40m0rjkpw80871z6n6yg1u,Kvasir-SEG\images\cju40m0rjkpw80871z6n6yg1u.jpg,Kvasir-SEG\masks\cju40m0rjkpw80871z6n6yg1u.jpg,586,528,3,0.214684,large,False,False,train,0
cju40poe4kt9s0755f9cnm3h5,Kvasir-SEG\images\cju40poe4kt9s0755f9cnm3h5.jpg,Kvasir-SEG\masks\cju40poe4kt9s0755f9cnm3h5.jpg,1348,1070,3,0.277985,large,False,False,train,2
cju40r6jrksyk0871wg98zgho,Kvasir-SEG\images\cju40r6jrksyk0871wg98zgho.jpg,Kvasir-SEG\masks\cju40r6jrksyk0871wg98zgho.jpg,622,528,3,0.166871,medium,False,False,val,0
cju40sdwukv3k0755y99ug1k8,Kvasir-SEG\images\cju40sdwukv3k0755y99ug1k8.jpg,Kvasir-SEG\masks\cju40sdwukv3k0755y99ug1k8.jpg,615,528,3,0.101497,medium,False,False,test,1
cju40taxlkrho0987smigg0x0,Kvasir-SEG\images\cju40taxlkrho0987smigg0x0.jpg,Kvasir-SEG\masks\cju40taxlkrho0987smigg0x0.jpg,622,393,3,0.101847,medium,False,False,test,1
cju40u30gkuzc0871rq7t666d,Kvasir-SEG\images\cju40u30gkuzc0871rq7t666d.jpg,Kvasir-SEG\masks\cju40u30gkuzc0871rq7t666d.jpg,626,546,3,0.066306,medium,False,False,train,2
cju40w3hbkwpn08015rbs3wko,Kvasir-SEG\images\cju40w3hbkwpn08015rbs3wko.jpg,Kvasir-SEG\masks\cju40w3hbkwpn08015rbs3wko.jpg,621,528,3,0.067962,medium,False,False,train,3
cju40wto5kxwi0755it190f2k,Kvasir-SEG\images\cju40wto5kxwi0755it190f2k.jpg,Kvasir-SEG\masks\cju40wto5kxwi0755it190f2k.jpg,1348,1070,3,0.052694,medium,False,False,test,4
cju410dnfl0960755y8lu8d79,Kvasir-SEG\images\cju410dnfl0960755y8lu8d79.jpg,Kvasir-SEG\masks\cju410dnfl0960755y8lu8d79.jpg,626,546,3,0.209341,large,False,False,val,2
cju412uwlkva50850d1ps1ww7,Kvasir-SEG\images\cju412uwlkva50850d1ps1ww7.jpg,Kvasir-SEG\masks\cju412uwlkva50850d1ps1ww7.jpg,616,547,3,0.406497,large,False,False,test,2
cju414lf2l1lt0801rl3hjllj,Kvasir-SEG\images\cju414lf2l1lt0801rl3hjllj.jpg,Kvasir-SEG\masks\cju414lf2l1lt0801rl3hjllj.jpg,610,528,3,0.145784,medium,False,False,train,0
cju418rckl3ur08012psrx1r1,Kvasir-SEG\images\cju418rckl3ur08012psrx1r1.jpg,Kvasir-SEG\masks\cju418rckl3ur08012psrx1r1.jpg,622,530,3,0.135919,medium,False,False,train,0
cju41kd7yl4nm0850gil5qqwh,Kvasir-SEG\images\cju41kd7yl4nm0850gil5qqwh.jpg,Kvasir-SEG\masks\cju41kd7yl4nm0850gil5qqwh.jpg,535,531,3,0.075763,medium,False,False,test,3
cju41lojblbs307555jdci937,Kvasir-SEG\images\cju41lojblbs307555jdci937.jpg,Kvasir-SEG\masks\cju41lojblbs307555jdci937.jpg,626,547,3,0.059649,medium,False,False,val,4
cju41nz76lcxu0755cya2qefx,Kvasir-SEG\images\cju41nz76lcxu0755cya2qefx.jpg,Kvasir-SEG\masks\cju41nz76lcxu0755cya2qefx.jpg,586,514,3,0.183467,medium,False,False,train,0
cju41p90plcsx08018cnzpndc,Kvasir-SEG\images\cju41p90plcsx08018cnzpndc.jpg,Kvasir-SEG\masks\cju41p90plcsx08018cnzpndc.jpg,622,529,3,0.02438,small,False,False,train,0
cju41r6v2lcww0871ps8k8pf5,Kvasir-SEG\images\cju41r6v2lcww0871ps8k8pf5.jpg,Kvasir-SEG\masks\cju41r6v2lcww0871ps8k8pf5.jpg,594,529,3,0.191916,medium,False,False,train,2
cju41s6nbleqy0755e2mslg0b,Kvasir-SEG\images\cju41s6nbleqy0755e2mslg0b.jpg,Kvasir-SEG\masks\cju41s6nbleqy0755e2mslg0b.jpg,561,530,3,0.091081,medium,False,False,train,2
cju41z76wlgbz0801qdetlvby,Kvasir-SEG\images\cju41z76wlgbz0801qdetlvby.jpg,Kvasir-SEG\masks\cju41z76wlgbz0801qdetlvby.jpg,592,421,3,0.103831,medium,False,False,test,2
cju422cm8lfxn0818ojicxejb,Kvasir-SEG\images\cju422cm8lfxn0818ojicxejb.jpg,Kvasir-SEG\masks\cju422cm8lfxn0818ojicxejb.jpg,571,531,3,0.098885,medium,False,False,train,4
cju424hy5lckr085073fva1ok,Kvasir-SEG\images\cju424hy5lckr085073fva1ok.jpg,Kvasir-SEG\masks\cju424hy5lckr085073fva1ok.jpg,576,530,3,0.11081,medium,False,False,train,3
cju426tomlhll0818fc0i7nvh,Kvasir-SEG\images\cju426tomlhll0818fc0i7nvh.jpg,Kvasir-SEG\masks\cju426tomlhll0818fc0i7nvh.jpg,611,528,3,0.05626,medium,False,False,train,1
cju428k5fldt108177s6g6f45,Kvasir-SEG\images\cju428k5fldt108177s6g6f45.jpg,Kvasir-SEG\masks\cju428k5fldt108177s6g6f45.jpg,622,530,3,0.213511,large,False,False,train,0
cju42dwedlmk60871jbgu4ehi,Kvasir-SEG\images\cju42dwedlmk60871jbgu4ehi.jpg,Kvasir-SEG\masks\cju42dwedlmk60871jbgu4ehi.jpg,621,531,3,0.161949,medium,False,False,val,1
cju42g865lorv07552ytz6xxa,Kvasir-SEG\images\cju42g865lorv07552ytz6xxa.jpg,Kvasir-SEG\masks\cju42g865lorv07552ytz6xxa.jpg,599,527,3,0.216154,large,False,False,val,2
cju42m60jlpcm08186kqppzqv,Kvasir-SEG\images\cju42m60jlpcm08186kqppzqv.jpg,Kvasir-SEG\masks\cju42m60jlpcm08186kqppzqv.jpg,626,547,3,0.079636,medium,False,False,val,2
cju42nm68lpyo0818xvvqmupq,Kvasir-SEG\images\cju42nm68lpyo0818xvvqmupq.jpg,Kvasir-SEG\masks\cju42nm68lpyo0818xvvqmupq.jpg,504,530,3,0.165315,medium,False,False,train,4
cju42py9mlqyd0818u3d1d7ga,Kvasir-SEG\images\cju42py9mlqyd0818u3d1d7ga.jpg,Kvasir-SEG\masks\cju42py9mlqyd0818u3d1d7ga.jpg,545,433,3,0.104892,medium,False,False,train,2
cju42qet0lsq90871e50xbnuv,Kvasir-SEG\images\cju42qet0lsq90871e50xbnuv.jpg,Kvasir-SEG\masks\cju42qet0lsq90871e50xbnuv.jpg,598,531,3,0.075188,medium,False,False,train,3
cju42romflni20817etb9a0fl,Kvasir-SEG\images\cju42romflni20817etb9a0fl.jpg,Kvasir-SEG\masks\cju42romflni20817etb9a0fl.jpg,622,528,3,0.092809,medium,False,False,train,4
cju42tauqlo5p08171l3cuo4b,Kvasir-SEG\images\cju42tauqlo5p08171l3cuo4b.jpg,Kvasir-SEG\masks\cju42tauqlo5p08171l3cuo4b.jpg,627,547,3,0.056766,medium,False,False,train,2
cju42u5bjlvi10801dc13sskp,Kvasir-SEG\images\cju42u5bjlvi10801dc13sskp.jpg,Kvasir-SEG\masks\cju42u5bjlvi10801dc13sskp.jpg,541,528,3,0.121569,medium,False,False,train,2
cju42wamblrqn098798r2yyok,Kvasir-SEG\images\cju42wamblrqn098798r2yyok.jpg,Kvasir-SEG\masks\cju42wamblrqn098798r2yyok.jpg,621,547,3,0.227895,large,False,False,train,1
cju42xpi8lw4w0871ve317a1p,Kvasir-SEG\images\cju42xpi8lw4w0871ve317a1p.jpg,Kvasir-SEG\masks\cju42xpi8lw4w0871ve317a1p.jpg,465,530,3,0.087665,medium,False,False,train,2
cju430pm2lz0y0755jkhcc3d1,Kvasir-SEG\images\cju430pm2lz0y0755jkhcc3d1.jpg,Kvasir-SEG\masks\cju430pm2lz0y0755jkhcc3d1.jpg,626,547,3,0.22517,large,False,False,val,3
cju439oazm2fu0871ma0vvrft,Kvasir-SEG\images\cju439oazm2fu0871ma0vvrft.jpg,Kvasir-SEG\masks\cju439oazm2fu0871ma0vvrft.jpg,622,531,3,0.168229,medium,False,False,train,2
cju43b8daly4408170e5ev06g,Kvasir-SEG\images\cju43b8daly4408170e5ev06g.jpg,Kvasir-SEG\masks\cju43b8daly4408170e5ev06g.jpg,600,531,3,0.193531,medium,False,False,train,1
cju43c92lm5cj0755lorsorfg,Kvasir-SEG\images\cju43c92lm5cj0755lorsorfg.jpg,Kvasir-SEG\masks\cju43c92lm5cj0755lorsorfg.jpg,591,529,3,0.043254,small,False,False,val,3
cju43eigtm6ev0801mv0m96t1,Kvasir-SEG\images\cju43eigtm6ev0801mv0m96t1.jpg,Kvasir-SEG\masks\cju43eigtm6ev0801mv0m96t1.jpg,619,528,3,0.411692,large,False,False,val,3
cju43gfosm63n08714rpih8pe,Kvasir-SEG\images\cju43gfosm63n08714rpih8pe.jpg,Kvasir-SEG\masks\cju43gfosm63n08714rpih8pe.jpg,622,530,3,0.266602,large,False,False,train,2
cju43h43am1dy08176gwfhmnt,Kvasir-SEG\images\cju43h43am1dy08176gwfhmnt.jpg,Kvasir-SEG\masks\cju43h43am1dy08176gwfhmnt.jpg,594,530,3,0.027844,small,False,False,train,0
cju43in5fm22c08175rxziqrk,Kvasir-SEG\images\cju43in5fm22c08175rxziqrk.jpg,Kvasir-SEG\masks\cju43in5fm22c08175rxziqrk.jpg,616,530,3,0.28735,large,False,False,train,0
cju43jcqim2cp08172dvjvyui,Kvasir-SEG\images\cju43jcqim2cp08172dvjvyui.jpg,Kvasir-SEG\masks\cju43jcqim2cp08172dvjvyui.jpg,626,547,3,0.030092,small,False,False,train,0
cju43kj2pm34f0850l28ahpni,Kvasir-SEG\images\cju43kj2pm34f0850l28ahpni.jpg,Kvasir-SEG\masks\cju43kj2pm34f0850l28ahpni.jpg,622,528,3,0.012155,small,False,False,train,0
cju43lcnum9y10755bjs7z87f,Kvasir-SEG\images\cju43lcnum9y10755bjs7z87f.jpg,Kvasir-SEG\masks\cju43lcnum9y10755bjs7z87f.jpg,590,528,3,0.040261,small,False,False,train,0
cju43mkj9m8wb0871qiadahub,Kvasir-SEG\images\cju43mkj9m8wb0871qiadahub.jpg,Kvasir-SEG\masks\cju43mkj9m8wb0871qiadahub.jpg,626,547,3,0.100315,medium,False,False,train,3
cju43o6n7m9nk087191ijwqq9,Kvasir-SEG\images\cju43o6n7m9nk087191ijwqq9.jpg,Kvasir-SEG\masks\cju43o6n7m9nk087191ijwqq9.jpg,618,530,3,0.079389,medium,False,False,test,2
cju45jpvfn6c809873pv1i34s,Kvasir-SEG\images\cju45jpvfn6c809873pv1i34s.jpg,Kvasir-SEG\masks\cju45jpvfn6c809873pv1i34s.jpg,593,530,3,0.127891,medium,False,False,train,4
cju45lbgznahl08180xz1h7u6,Kvasir-SEG\images\cju45lbgznahl08180xz1h7u6.jpg,Kvasir-SEG\masks\cju45lbgznahl08180xz1h7u6.jpg,622,527,3,0.094977,medium,False,False,train,1
cju45n0oxn5vu08500yfrt9jn,Kvasir-SEG\images\cju45n0oxn5vu08500yfrt9jn.jpg,Kvasir-SEG\masks\cju45n0oxn5vu08500yfrt9jn.jpg,622,530,3,0.096527,medium,False,False,train,4
cju45ofd9ne1j0801ri8dup7t,Kvasir-SEG\images\cju45ofd9ne1j0801ri8dup7t.jpg,Kvasir-SEG\masks\cju45ofd9ne1j0801ri8dup7t.jpg,622,530,3,0.578651,large,False,False,test,1
cju45pm27n80u08174kyow1gj,Kvasir-SEG\images\cju45pm27n80u08174kyow1gj.jpg,Kvasir-SEG\masks\cju45pm27n80u08174kyow1gj.jpg,626,547,3,0.132345,medium,False,False,train,3
cju45qbf3n9sa0987oonbkly9,Kvasir-SEG\images\cju45qbf3n9sa0987oonbkly9.jpg,Kvasir-SEG\masks\cju45qbf3n9sa0987oonbkly9.jpg,621,531,3,0.083178,medium,False,False,val,1
cju45rj7ln8980850a7821fov,Kvasir-SEG\images\cju45rj7ln8980850a7821fov.jpg,Kvasir-SEG\masks\cju45rj7ln8980850a7821fov.jpg,585,546,3,0.107104,medium,False,False,train,2
cju45t5ddnbio0987qtqzx762,Kvasir-SEG\images\cju45t5ddnbio0987qtqzx762.jpg,Kvasir-SEG\masks\cju45t5ddnbio0987qtqzx762.jpg,618,530,3,0.121426,medium,False,False,train,2
cju45ty6zn9oz0850qy4qnck1,Kvasir-SEG\images\cju45ty6zn9oz0850qy4qnck1.jpg,Kvasir-SEG\masks\cju45ty6zn9oz0850qy4qnck1.jpg,551,531,3,0.114515,medium,False,False,train,0
cju45v0pungu40871acnwtmu5,Kvasir-SEG\images\cju45v0pungu40871acnwtmu5.jpg,Kvasir-SEG\masks\cju45v0pungu40871acnwtmu5.jpg,606,530,3,0.143701,medium,False,False,train,4
cju5b9oyda4yr0850g9viziyv,Kvasir-SEG\images\cju5b9oyda4yr0850g9viziyv.jpg,Kvasir-SEG\masks\cju5b9oyda4yr0850g9viziyv.jpg,622,528,3,0.072292,medium,False,False,test,4
cju5bbtwsa8cl0987wgfsqpao,Kvasir-SEG\images\cju5bbtwsa8cl0987wgfsqpao.jpg,Kvasir-SEG\masks\cju5bbtwsa8cl0987wgfsqpao.jpg,595,531,3,0.100761,medium,False,False,train,0
cju5bdwa3aatx0818b79i18zf,Kvasir-SEG\images\cju5bdwa3aatx0818b79i18zf.jpg,Kvasir-SEG\masks\cju5bdwa3aatx0818b79i18zf.jpg,622,530,3,0.07178,medium,False,False,val,1
cju5bf6hxa6m50817rbwettgu,Kvasir-SEG\images\cju5bf6hxa6m50817rbwettgu.jpg,Kvasir-SEG\masks\cju5bf6hxa6m50817rbwettgu.jpg,622,531,3,0.086914,medium,False,False,train,2
cju5bhv81abur0850ean02atv,Kvasir-SEG\images\cju5bhv81abur0850ean02atv.jpg,Kvasir-SEG\masks\cju5bhv81abur0850ean02atv.jpg,611,531,3,0.16427,medium,False,False,train,0
cju5bj926aiec07559rshy4wa,Kvasir-SEG\images\cju5bj926aiec07559rshy4wa.jpg,Kvasir-SEG\masks\cju5bj926aiec07559rshy4wa.jpg,612,529,3,0.040365,small,False,False,test,0
cju5bmhdcafs909878qfzrqzi,Kvasir-SEG\images\cju5bmhdcafs909878qfzrqzi.jpg,Kvasir-SEG\masks\cju5bmhdcafs909878qfzrqzi.jpg,561,528,3,0.151282,medium,False,False,train,4
cju5boicjagt20871b1fotkh4,Kvasir-SEG\images\cju5boicjagt20871b1fotkh4.jpg,Kvasir-SEG\masks\cju5boicjagt20871b1fotkh4.jpg,622,529,3,0.316511,large,False,False,test,2
cju5buy2bal250818ipl6fqwv,Kvasir-SEG\images\cju5buy2bal250818ipl6fqwv.jpg,Kvasir-SEG\masks\cju5buy2bal250818ipl6fqwv.jpg,569,430,3,0.15964,medium,False,False,train,0
cju5bwhapakm90987c1v4z46a,Kvasir-SEG\images\cju5bwhapakm90987c1v4z46a.jpg,Kvasir-SEG\masks\cju5bwhapakm90987c1v4z46a.jpg,622,529,3,0.03403,small,False,False,train,2
cju5bycdkalkb09875f7bfrvx,Kvasir-SEG\images\cju5bycdkalkb09875f7bfrvx.jpg,Kvasir-SEG\masks\cju5bycdkalkb09875f7bfrvx.jpg,603,530,3,0.25257,large,False,False,train,3
cju5c5xc7algd0817pb1ej5yo,Kvasir-SEG\images\cju5c5xc7algd0817pb1ej5yo.jpg,Kvasir-SEG\masks\cju5c5xc7algd0817pb1ej5yo.jpg,599,528,3,0.153694,medium,False,False,val,4
cju5c7oijaqmq09878qwgqv8n,Kvasir-SEG\images\cju5c7oijaqmq09878qwgqv8n.jpg,Kvasir-SEG\masks\cju5c7oijaqmq09878qwgqv8n.jpg,547,546,3,0.136428,medium,False,False,train,4
cju5ca9hcatkc0801jzwe7tfx,Kvasir-SEG\images\cju5ca9hcatkc0801jzwe7tfx.jpg,Kvasir-SEG\masks\cju5ca9hcatkc0801jzwe7tfx.jpg,626,546,3,0.158118,medium,False,False,train,2
cju5ccpvqash50850kb4bs22k,Kvasir-SEG\images\cju5ccpvqash50850kb4bs22k.jpg,Kvasir-SEG\masks\cju5ccpvqash50850kb4bs22k.jpg,592,482,3,0.160813,medium,False,False,train,4
cju5cetivauok0987ok3e5bre,Kvasir-SEG\images\cju5cetivauok0987ok3e5bre.jpg,Kvasir-SEG\masks\cju5cetivauok0987ok3e5bre.jpg,623,529,3,0.136776,medium,False,False,val,4
cju5chrxxawka0871qcj171yz,Kvasir-SEG\images\cju5chrxxawka0871qcj171yz.jpg,Kvasir-SEG\masks\cju5chrxxawka0871qcj171yz.jpg,601,528,3,0.152167,medium,False,False,train,0
cju5cjh3xattc0817j2vbulzi,Kvasir-SEG\images\cju5cjh3xattc0817j2vbulzi.jpg,Kvasir-SEG\masks\cju5cjh3xattc0817j2vbulzi.jpg,617,528,3,0.064808,medium,False,False,test,0
cju5cky5xb0ay0801oxet697t,Kvasir-SEG\images\cju5cky5xb0ay0801oxet697t.jpg,Kvasir-SEG\masks\cju5cky5xb0ay0801oxet697t.jpg,622,528,3,0.054565,medium,False,False,train,0
cju5clr68b48r0755cmuvponm,Kvasir-SEG\images\cju5clr68b48r0755cmuvponm.jpg,Kvasir-SEG\masks\cju5clr68b48r0755cmuvponm.jpg,601,526,3,0.085602,medium,False,False,train,1
cju5cu8qkb84x08186jwo8yin,Kvasir-SEG\images\cju5cu8qkb84x08186jwo8yin.jpg,Kvasir-SEG\masks\cju5cu8qkb84x08186jwo8yin.jpg,622,530,3,0.039999,small,False,False,train,1
cju5ddda9bkkt0850enzwatb1,Kvasir-SEG\images\cju5ddda9bkkt0850enzwatb1.jpg,Kvasir-SEG\masks\cju5ddda9bkkt0850enzwatb1.jpg,618,530,3,0.03431,small,False,False,train,4
cju5eftctcdbj08712gdp989f,Kvasir-SEG\images\cju5eftctcdbj08712gdp989f.jpg,Kvasir-SEG\masks\cju5eftctcdbj08712gdp989f.jpg,605,530,3,0.267641,large,False,False,train,0
cju5ekty5ckzf07550c9u3ckk,Kvasir-SEG\images\cju5ekty5ckzf07550c9u3ckk.jpg,Kvasir-SEG\masks\cju5ekty5ckzf07550c9u3ckk.jpg,625,546,3,0.149808,medium,False,False,test,0
cju5enq1tcn1i0755hnkon787,Kvasir-SEG\images\cju5enq1tcn1i0755hnkon787.jpg,Kvasir-SEG\masks\cju5enq1tcn1i0755hnkon787.jpg,626,547,3,0.144742,medium,False,False,train,2
cju5eq8c8ck690850vix98hv3,Kvasir-SEG\images\cju5eq8c8ck690850vix98hv3.jpg,Kvasir-SEG\masks\cju5eq8c8ck690850vix98hv3.jpg,622,530,3,0.309146,large,False,False,train,4
cju5es375cnzy0801nkq35ffs,Kvasir-SEG\images\cju5es375cnzy0801nkq35ffs.jpg,Kvasir-SEG\masks\cju5es375cnzy0801nkq35ffs.jpg,621,528,3,0.064784,medium,False,False,train,3
cju5ew4h9cqaf0818rrczkmqh,Kvasir-SEG\images\cju5ew4h9cqaf0818rrczkmqh.jpg,Kvasir-SEG\masks\cju5ew4h9cqaf0818rrczkmqh.jpg,570,530,3,0.242463,large,False,False,train,3
cju5eyfe9cpk90987laa7tsl3,Kvasir-SEG\images\cju5eyfe9cpk90987laa7tsl3.jpg,Kvasir-SEG\masks\cju5eyfe9cpk90987laa7tsl3.jpg,622,530,3,0.27259,large,False,False,val,0
cju5f0dezct4q08183ydw11dx,Kvasir-SEG\images\cju5f0dezct4q08183ydw11dx.jpg,Kvasir-SEG\masks\cju5f0dezct4q08183ydw11dx.jpg,626,546,3,0.101408,medium,False,False,test,1
cju5f26ebcuai0818xlwh6116,Kvasir-SEG\images\cju5f26ebcuai0818xlwh6116.jpg,Kvasir-SEG\masks\cju5f26ebcuai0818xlwh6116.jpg,598,546,3,0.078412,medium,False,False,test,4
cju5f8hxdcxxn08188obby0ea,Kvasir-SEG\images\cju5f8hxdcxxn08188obby0ea.jpg,Kvasir-SEG\masks\cju5f8hxdcxxn08188obby0ea.jpg,615,520,3,0.1297,medium,False,False,train,4
cju5fb86jd1jp0755b1ukbhq5,Kvasir-SEG\images\cju5fb86jd1jp0755b1ukbhq5.jpg,Kvasir-SEG\masks\cju5fb86jd1jp0755b1ukbhq5.jpg,560,424,3,0.292836,large,False,False,train,4
cju5fi0yxd3ei0801v7u0yudn,Kvasir-SEG\images\cju5fi0yxd3ei0801v7u0yudn.jpg,Kvasir-SEG\masks\cju5fi0yxd3ei0801v7u0yudn.jpg,626,547,3,0.020732,small,False,False,train,3
cju5fs6j6d8350801vglraq4u,Kvasir-SEG\images\cju5fs6j6d8350801vglraq4u.jpg,Kvasir-SEG\masks\cju5fs6j6d8350801vglraq4u.jpg,626,547,3,0.227284,large,False,False,train,3
cju5ft6mcd5q40987rhjgbrr6,Kvasir-SEG\images\cju5ft6mcd5q40987rhjgbrr6.jpg,Kvasir-SEG\masks\cju5ft6mcd5q40987rhjgbrr6.jpg,622,530,3,0.132964,medium,False,False,test,1
cju5fu081d8gc0818l3yylujk,Kvasir-SEG\images\cju5fu081d8gc0818l3yylujk.jpg,Kvasir-SEG\masks\cju5fu081d8gc0818l3yylujk.jpg,570,531,3,0.055731,medium,False,False,train,4
cju5fw37edaae0801vkwvocn7,Kvasir-SEG\images\cju5fw37edaae0801vkwvocn7.jpg,Kvasir-SEG\masks\cju5fw37edaae0801vkwvocn7.jpg,559,530,3,0.092554,medium,False,False,train,1
cju5fydrud94708507vo6oy21,Kvasir-SEG\images\cju5fydrud94708507vo6oy21.jpg,Kvasir-SEG\masks\cju5fydrud94708507vo6oy21.jpg,626,546,3,0.339191,large,False,False,train,0
cju5g163vd6mt0817uccuga6u,Kvasir-SEG\images\cju5g163vd6mt0817uccuga6u.jpg,Kvasir-SEG\masks\cju5g163vd6mt0817uccuga6u.jpg,545,547,3,0.046492,small,False,False,test,2
cju5gucasds9d0801019axylx,Kvasir-SEG\images\cju5gucasds9d0801019axylx.jpg,Kvasir-SEG\masks\cju5gucasds9d0801019axylx.jpg,626,546,3,0.020893,small,False,False,train,0
cju5h57xedz5h0755mjpc8694,Kvasir-SEG\images\cju5h57xedz5h0755mjpc8694.jpg,Kvasir-SEG\masks\cju5h57xedz5h0755mjpc8694.jpg,622,528,3,0.381486,large,False,False,train,4
cju5hi52odyf90817prvcwg45,Kvasir-SEG\images\cju5hi52odyf90817prvcwg45.jpg,Kvasir-SEG\masks\cju5hi52odyf90817prvcwg45.jpg,568,352,3,0.212548,large,False,False,train,1
cju5hjxaae3i40850h5z2laf5,Kvasir-SEG\images\cju5hjxaae3i40850h5z2laf5.jpg,Kvasir-SEG\masks\cju5hjxaae3i40850h5z2laf5.jpg,622,530,3,0.164469,medium,False,False,test,2
cju5hl8nee8a40755fm8qjj0o,Kvasir-SEG\images\cju5hl8nee8a40755fm8qjj0o.jpg,Kvasir-SEG\masks\cju5hl8nee8a40755fm8qjj0o.jpg,617,531,3,0.049456,small,False,False,train,2
cju5hqz50e7o90850e0prlpa0,Kvasir-SEG\images\cju5hqz50e7o90850e0prlpa0.jpg,Kvasir-SEG\masks\cju5hqz50e7o90850e0prlpa0.jpg,595,528,3,0.205812,large,False,False,train,3
cju5ht88gedbu0755xrcuddcx,Kvasir-SEG\images\cju5ht88gedbu0755xrcuddcx.jpg,Kvasir-SEG\masks\cju5ht88gedbu0755xrcuddcx.jpg,619,547,3,0.198628,medium,False,False,val,3
cju5huurrecm70801y680y13m,Kvasir-SEG\images\cju5huurrecm70801y680y13m.jpg,Kvasir-SEG\masks\cju5huurrecm70801y680y13m.jpg,603,520,3,0.107275,medium,False,False,train,4
cju5hwonqedw10801vsd3w6kk,Kvasir-SEG\images\cju5hwonqedw10801vsd3w6kk.jpg,Kvasir-SEG\masks\cju5hwonqedw10801vsd3w6kk.jpg,529,531,3,0.112902,medium,False,False,train,0
cju5hyi9yegob0755ho3do8en,Kvasir-SEG\images\cju5hyi9yegob0755ho3do8en.jpg,Kvasir-SEG\masks\cju5hyi9yegob0755ho3do8en.jpg,623,529,3,0.088577,medium,False,False,train,4
cju5i39mreass0817au8p22zy,Kvasir-SEG\images\cju5i39mreass0817au8p22zy.jpg,Kvasir-SEG\masks\cju5i39mreass0817au8p22zy.jpg,623,546,3,0.188454,medium,False,False,train,2
cju5i5oh2efg60987ez6cpf72,Kvasir-SEG\images\cju5i5oh2efg60987ez6cpf72.jpg,Kvasir-SEG\masks\cju5i5oh2efg60987ez6cpf72.jpg,621,528,3,0.294113,large,False,False,train,3
cju5jx7jzf7c90871c2i9aiov,Kvasir-SEG\images\cju5jx7jzf7c90871c2i9aiov.jpg,Kvasir-SEG\masks\cju5jx7jzf7c90871c2i9aiov.jpg,622,528,3,0.172915,medium,False,False,train,3
cju5jz5fff8c50871hbe6108f,Kvasir-SEG\images\cju5jz5fff8c50871hbe6108f.jpg,Kvasir-SEG\masks\cju5jz5fff8c50871hbe6108f.jpg,552,530,3,0.142402,medium,False,False,train,3
cju5k3j3uf6de0817hszzfr7n,Kvasir-SEG\images\cju5k3j3uf6de0817hszzfr7n.jpg,Kvasir-SEG\masks\cju5k3j3uf6de0817hszzfr7n.jpg,547,530,3,0.03558,small,False,False,train,3
cju5k503sfa5f0871lx0rpu5y,Kvasir-SEG\images\cju5k503sfa5f0871lx0rpu5y.jpg,Kvasir-SEG\masks\cju5k503sfa5f0871lx0rpu5y.jpg,622,529,3,0.155942,medium,False,False,train,4
cju5k7r0yf98c09878csbxb4d,Kvasir-SEG\images\cju5k7r0yf98c09878csbxb4d.jpg,Kvasir-SEG\masks\cju5k7r0yf98c09878csbxb4d.jpg,622,528,3,0.019213,small,False,False,test,2
cju5klveuff6w0871wbibgh3m,Kvasir-SEG\images\cju5klveuff6w0871wbibgh3m.jpg,Kvasir-SEG\masks\cju5klveuff6w0871wbibgh3m.jpg,574,530,3,0.037874,small,False,False,train,0
cju5knbbqfipk080128cggukq,Kvasir-SEG\images\cju5knbbqfipk080128cggukq.jpg,Kvasir-SEG\masks\cju5knbbqfipk080128cggukq.jpg,597,529,3,0.407627,large,False,False,val,1
cju5kre09fhka0850h7b1898j,Kvasir-SEG\images\cju5kre09fhka0850h7b1898j.jpg,Kvasir-SEG\masks\cju5kre09fhka0850h7b1898j.jpg,618,528,3,0.057652,medium,False,False,train,4
cju5ktjwofed70817eg58ef7u,Kvasir-SEG\images\cju5ktjwofed70817eg58ef7u.jpg,Kvasir-SEG\masks\cju5ktjwofed70817eg58ef7u.jpg,625,547,3,0.106732,medium,False,False,train,3
cju5nxkujgscq0817l9gss626,Kvasir-SEG\images\cju5nxkujgscq0817l9gss626.jpg,Kvasir-SEG\masks\cju5nxkujgscq0817l9gss626.jpg,570,531,3,0.160241,medium,False,False,train,3
cju5nyu31gv8e0871zpk74a2n,Kvasir-SEG\images\cju5nyu31gv8e0871zpk74a2n.jpg,Kvasir-SEG\masks\cju5nyu31gv8e0871zpk74a2n.jpg,616,529,3,0.048609,small,False,False,train,4
cju5o1vu9gz8a0818eyy92bns,Kvasir-SEG\images\cju5o1vu9gz8a0818eyy92bns.jpg,Kvasir-SEG\masks\cju5o1vu9gz8a0818eyy92bns.jpg,421,547,3,0.17866,medium,False,False,train,2
cju5o4pk9h0720755lgp9jq8m,Kvasir-SEG\images\cju5o4pk9h0720755lgp9jq8m.jpg,Kvasir-SEG\masks\cju5o4pk9h0720755lgp9jq8m.jpg,622,530,3,0.24322,large,False,False,val,0
cju5tenjojp1j0755ms4949h2,Kvasir-SEG\images\cju5tenjojp1j0755ms4949h2.jpg,Kvasir-SEG\masks\cju5tenjojp1j0755ms4949h2.jpg,570,531,3,0.197694,medium,False,False,train,3
cju5tgbzhjllu08174ca41eus,Kvasir-SEG\images\cju5tgbzhjllu08174ca41eus.jpg,Kvasir-SEG\masks\cju5tgbzhjllu08174ca41eus.jpg,622,531,3,0.094628,medium,False,False,train,0
cju5thdbrjp1108715xdfx356,Kvasir-SEG\images\cju5thdbrjp1108715xdfx356.jpg,Kvasir-SEG\masks\cju5thdbrjp1108715xdfx356.jpg,622,530,3,0.023843,small,False,False,train,0
cju5u4pywk81x0817vn9pe14z,Kvasir-SEG\images\cju5u4pywk81x0817vn9pe14z.jpg,Kvasir-SEG\masks\cju5u4pywk81x0817vn9pe14z.jpg,570,531,3,0.040929,small,False,False,val,2
cju5u6wf0kh1t0755bg1ssixv,Kvasir-SEG\images\cju5u6wf0kh1t0755bg1ssixv.jpg,Kvasir-SEG\masks\cju5u6wf0kh1t0755bg1ssixv.jpg,571,530,3,0.402016,large,False,False,train,1
cju5u8gz4kj5b07552e2wpkwp,Kvasir-SEG\images\cju5u8gz4kj5b07552e2wpkwp.jpg,Kvasir-SEG\masks\cju5u8gz4kj5b07552e2wpkwp.jpg,571,531,3,0.261002,large,False,False,train,3
cju5udcufki0s09874ll1dbr5,Kvasir-SEG\images\cju5udcufki0s09874ll1dbr5.jpg,Kvasir-SEG\masks\cju5udcufki0s09874ll1dbr5.jpg,570,531,3,0.181349,medium,False,False,test,2
cju5ufn3skquf0818dhapnhba,Kvasir-SEG\images\cju5ufn3skquf0818dhapnhba.jpg,Kvasir-SEG\masks\cju5ufn3skquf0818dhapnhba.jpg,570,530,3,0.037832,small,False,False,train,3
cju5uget8krjy0818kvywd0zu,Kvasir-SEG\images\cju5uget8krjy0818kvywd0zu.jpg,Kvasir-SEG\masks\cju5uget8krjy0818kvywd0zu.jpg,608,529,3,0.037325,small,False,False,train,4
cju5uhrdwkmsu0817ervv91l8,Kvasir-SEG\images\cju5uhrdwkmsu0817ervv91l8.jpg,Kvasir-SEG\masks\cju5uhrdwkmsu0817ervv91l8.jpg,626,547,3,0.017484,small,False,False,val,4
cju5ukkg6kv7u08011x2b6zl5,Kvasir-SEG\images\cju5ukkg6kv7u08011x2b6zl5.jpg,Kvasir-SEG\masks\cju5ukkg6kv7u08011x2b6zl5.jpg,622,510,3,0.16306,medium,False,False,val,0
cju5uxjnol2r509871qv2yeia,Kvasir-SEG\images\cju5uxjnol2r509871qv2yeia.jpg,Kvasir-SEG\masks\cju5uxjnol2r509871qv2yeia.jpg,620,531,3,0.061561,medium,False,False,train,2
cju5uzmaol56l0817flxh4w9p,Kvasir-SEG\images\cju5uzmaol56l0817flxh4w9p.jpg,Kvasir-SEG\masks\cju5uzmaol56l0817flxh4w9p.jpg,623,529,3,0.035565,small,False,False,train,4
cju5v8pgplg6k0755rvi2t63h,Kvasir-SEG\images\cju5v8pgplg6k0755rvi2t63h.jpg,Kvasir-SEG\masks\cju5v8pgplg6k0755rvi2t63h.jpg,570,530,3,0.043499,small,False,False,train,2
cju5vbo6jldrt0871jf6f1700,Kvasir-SEG\images\cju5vbo6jldrt0871jf6f1700.jpg,Kvasir-SEG\masks\cju5vbo6jldrt0871jf6f1700.jpg,619,530,3,0.073091,medium,False,False,train,4
cju5vcmrqla7i0817x4sp4pqw,Kvasir-SEG\images\cju5vcmrqla7i0817x4sp4pqw.jpg,Kvasir-SEG\masks\cju5vcmrqla7i0817x4sp4pqw.jpg,612,482,3,0.066265,medium,False,False,train,4
cju5vgawslbe30987ndeepc1b,Kvasir-SEG\images\cju5vgawslbe30987ndeepc1b.jpg,Kvasir-SEG\masks\cju5vgawslbe30987ndeepc1b.jpg,622,530,3,0.309573,large,False,False,train,2
cju5vi4nxlc530817uoqm2m7a,Kvasir-SEG\images\cju5vi4nxlc530817uoqm2m7a.jpg,Kvasir-SEG\masks\cju5vi4nxlc530817uoqm2m7a.jpg,619,530,3,0.227244,large,False,False,train,0
cju5von04litr08718j8po40a,Kvasir-SEG\images\cju5von04litr08718j8po40a.jpg,Kvasir-SEG\masks\cju5von04litr08718j8po40a.jpg,622,530,3,0.058688,medium,False,False,train,0
cju5vutu7ll8w0871dfp92n9p,Kvasir-SEG\images\cju5vutu7ll8w0871dfp92n9p.jpg,Kvasir-SEG\masks\cju5vutu7ll8w0871dfp92n9p.jpg,605,528,3,0.159147,medium,False,False,val,4
cju5vwbr4lhqn0987a1pji0ux,Kvasir-SEG\images\cju5vwbr4lhqn0987a1pji0ux.jpg,Kvasir-SEG\masks\cju5vwbr4lhqn0987a1pji0ux.jpg,570,530,3,0.051632,medium,False,False,train,2
cju5vxuc5loxw0818u8xgf45p,Kvasir-SEG\images\cju5vxuc5loxw0818u8xgf45p.jpg,Kvasir-SEG\masks\cju5vxuc5loxw0818u8xgf45p.jpg,626,546,3,0.105768,medium,False,False,train,1
cju5vzjoslpj708186z2fusmz,Kvasir-SEG\images\cju5vzjoslpj708186z2fusmz.jpg,Kvasir-SEG\masks\cju5vzjoslpj708186z2fusmz.jpg,622,496,3,0.052121,medium,False,False,val,4
cju5w7xn0lrkq0801f9k0htgx,Kvasir-SEG\images\cju5w7xn0lrkq0801f9k0htgx.jpg,Kvasir-SEG\masks\cju5w7xn0lrkq0801f9k0htgx.jpg,622,530,3,0.0937,medium,False,False,train,0
cju5waeduln160817w0agirve,Kvasir-SEG\images\cju5waeduln160817w0agirve.jpg,Kvasir-SEG\masks\cju5waeduln160817w0agirve.jpg,540,528,3,0.089184,medium,False,False,val,3
cju5wcc90lu020850mjrxppv6,Kvasir-SEG\images\cju5wcc90lu020850mjrxppv6.jpg,Kvasir-SEG\masks\cju5wcc90lu020850mjrxppv6.jpg,626,547,3,0.105157,medium,False,False,train,3
cju5wi6bqlxy90755bu227nvb,Kvasir-SEG\images\cju5wi6bqlxy90755bu227nvb.jpg,Kvasir-SEG\masks\cju5wi6bqlxy90755bu227nvb.jpg,622,530,3,0.089107,medium,False,False,test,4
cju5wj0faly5008187n6530af,Kvasir-SEG\images\cju5wj0faly5008187n6530af.jpg,Kvasir-SEG\masks\cju5wj0faly5008187n6530af.jpg,570,530,3,0.087574,medium,False,False,val,2
cju5wkonqlrl409877y8zvnub,Kvasir-SEG\images\cju5wkonqlrl409877y8zvnub.jpg,Kvasir-SEG\masks\cju5wkonqlrl409877y8zvnub.jpg,627,547,3,0.168724,medium,False,False,train,1
cju5wmvsdlx1j0871npgj8j4b,Kvasir-SEG\images\cju5wmvsdlx1j0871npgj8j4b.jpg,Kvasir-SEG\masks\cju5wmvsdlx1j0871npgj8j4b.jpg,616,530,3,0.038355,small,False,False,train,2
cju5woy82m07m08505dmjg7g1,Kvasir-SEG\images\cju5woy82m07m08505dmjg7g1.jpg,Kvasir-SEG\masks\cju5woy82m07m08505dmjg7g1.jpg,1348,1070,3,0.165989,medium,False,False,train,0
cju5wphwwlu3m0987hh3ltg88,Kvasir-SEG\images\cju5wphwwlu3m0987hh3ltg88.jpg,Kvasir-SEG\masks\cju5wphwwlu3m0987hh3ltg88.jpg,618,531,3,0.043388,small,False,False,test,4
cju5wqonpm0e60801z88ewmy1,Kvasir-SEG\images\cju5wqonpm0e60801z88ewmy1.jpg,Kvasir-SEG\masks\cju5wqonpm0e60801z88ewmy1.jpg,622,528,3,0.043975,small,False,False,val,3
cju5wrapcm2290818jsh26ppb,Kvasir-SEG\images\cju5wrapcm2290818jsh26ppb.jpg,Kvasir-SEG\masks\cju5wrapcm2290818jsh26ppb.jpg,622,528,3,0.097785,medium,False,False,train,3
cju5wrrs0m2af0818vmnajbtw,Kvasir-SEG\images\cju5wrrs0m2af0818vmnajbtw.jpg,Kvasir-SEG\masks\cju5wrrs0m2af0818vmnajbtw.jpg,626,547,3,0.02268,small,False,False,val,0
cju5wtdu4m0im0871mix0yvc0,Kvasir-SEG\images\cju5wtdu4m0im0871mix0yvc0.jpg,Kvasir-SEG\masks\cju5wtdu4m0im0871mix0yvc0.jpg,610,509,3,0.099858,medium,False,False,train,1
cju5wuhm1lwm40987vugqn3vv,Kvasir-SEG\images\cju5wuhm1lwm40987vugqn3vv.jpg,Kvasir-SEG\masks\cju5wuhm1lwm40987vugqn3vv.jpg,613,530,3,0.087131,medium,False,False,train,0
cju5x00l6m5j608503k78ptee,Kvasir-SEG\images\cju5x00l6m5j608503k78ptee.jpg,Kvasir-SEG\masks\cju5x00l6m5j608503k78ptee.jpg,554,529,3,0.390513,large,False,False,test,4
cju5x15djm7ae0755h8czf6nt,Kvasir-SEG\images\cju5x15djm7ae0755h8czf6nt.jpg,Kvasir-SEG\masks\cju5x15djm7ae0755h8czf6nt.jpg,622,531,3,0.094362,medium,False,False,train,3
cju5x28nzm7t907558ocq4bt7,Kvasir-SEG\images\cju5x28nzm7t907558ocq4bt7.jpg,Kvasir-SEG\masks\cju5x28nzm7t907558ocq4bt7.jpg,597,546,3,0.138544,medium,False,False,train,2
cju5x7iskmad90818frchyfwd,Kvasir-SEG\images\cju5x7iskmad90818frchyfwd.jpg,Kvasir-SEG\masks\cju5x7iskmad90818frchyfwd.jpg,522,483,3,0.17285,medium,False,False,train,0
cju5xjn5mm78b09871spyqhhr,Kvasir-SEG\images\cju5xjn5mm78b09871spyqhhr.jpg,Kvasir-SEG\masks\cju5xjn5mm78b09871spyqhhr.jpg,622,528,3,0.16477,medium,False,False,train,4
cju5xkwzxmf0z0818gk4xabdm,Kvasir-SEG\images\cju5xkwzxmf0z0818gk4xabdm.jpg,Kvasir-SEG\masks\cju5xkwzxmf0z0818gk4xabdm.jpg,609,505,3,0.171357,medium,False,False,train,1
cju5xneamme2p0801qdf7fdwv,Kvasir-SEG\images\cju5xneamme2p0801qdf7fdwv.jpg,Kvasir-SEG\masks\cju5xneamme2p0801qdf7fdwv.jpg,622,527,3,0.0544,medium,False,False,val,2
cju5xopi0md7q0871r1sjc1av,Kvasir-SEG\images\cju5xopi0md7q0871r1sjc1av.jpg,Kvasir-SEG\masks\cju5xopi0md7q0871r1sjc1av.jpg,568,546,3,0.109219,medium,False,False,val,2
cju5xq3tdm9fn0987pbedxdg5,Kvasir-SEG\images\cju5xq3tdm9fn0987pbedxdg5.jpg,Kvasir-SEG\masks\cju5xq3tdm9fn0987pbedxdg5.jpg,570,529,3,0.035768,small,False,False,train,3
cju5y4hgqmk0i08180rjhbwvp,Kvasir-SEG\images\cju5y4hgqmk0i08180rjhbwvp.jpg,Kvasir-SEG\masks\cju5y4hgqmk0i08180rjhbwvp.jpg,626,547,3,0.128403,medium,False,False,val,0
cju5y7buemcw80987p0r30g9f,Kvasir-SEG\images\cju5y7buemcw80987p0r30g9f.jpg,Kvasir-SEG\masks\cju5y7buemcw80987p0r30g9f.jpg,589,530,3,0.145908,medium,False,False,train,0
cju5y84q3mdv50817eyp82xf3,Kvasir-SEG\images\cju5y84q3mdv50817eyp82xf3.jpg,Kvasir-SEG\masks\cju5y84q3mdv50817eyp82xf3.jpg,611,530,3,0.035062,small,False,False,train,4
cju5yclrymlgj0818k426ud6z,Kvasir-SEG\images\cju5yclrymlgj0818k426ud6z.jpg,Kvasir-SEG\masks\cju5yclrymlgj0818k426ud6z.jpg,622,529,3,0.083911,medium,False,False,train,1
cju5yeqiwmkgl0801fzv2douc,Kvasir-SEG\images\cju5yeqiwmkgl0801fzv2douc.jpg,Kvasir-SEG\masks\cju5yeqiwmkgl0801fzv2douc.jpg,570,531,3,0.206885,large,False,False,train,4
cju5ygh1zmmdi0755uod5e17i,Kvasir-SEG\images\cju5ygh1zmmdi0755uod5e17i.jpg,Kvasir-SEG\masks\cju5ygh1zmmdi0755uod5e17i.jpg,570,530,3,0.136885,medium,False,False,train,1
cju5yhgznmkzb0801cji2vi8j,Kvasir-SEG\images\cju5yhgznmkzb0801cji2vi8j.jpg,Kvasir-SEG\masks\cju5yhgznmkzb0801cji2vi8j.jpg,568,529,3,0.028895,small,False,False,train,3
cju5yimthmlv80850zhoc90c2,Kvasir-SEG\images\cju5yimthmlv80850zhoc90c2.jpg,Kvasir-SEG\masks\cju5yimthmlv80850zhoc90c2.jpg,590,528,3,0.051977,medium,False,False,val,0
cju5yjq1pmlgc0801z0t24bly,Kvasir-SEG\images\cju5yjq1pmlgc0801z0t24bly.jpg,Kvasir-SEG\masks\cju5yjq1pmlgc0801z0t24bly.jpg,570,530,3,0.124366,medium,False,False,train,2
cju5ymyd8mmdc0801ry3by1xr,Kvasir-SEG\images\cju5ymyd8mmdc0801ry3by1xr.jpg,Kvasir-SEG\masks\cju5ymyd8mmdc0801ry3by1xr.jpg,622,528,3,0.034316,small,False,False,test,1
cju6ur9l9v9jq0755paud9uka,Kvasir-SEG\images\cju6ur9l9v9jq0755paud9uka.jpg,Kvasir-SEG\masks\cju6ur9l9v9jq0755paud9uka.jpg,561,529,3,0.029831,small,False,False,test,1
cju6us80mv1b50871ebyq2wxa,Kvasir-SEG\images\cju6us80mv1b50871ebyq2wxa.jpg,Kvasir-SEG\masks\cju6us80mv1b50871ebyq2wxa.jpg,562,530,3,0.012989,small,False,False,val,2
cju6ut4l8va6y0755tyw3vfqq,Kvasir-SEG\images\cju6ut4l8va6y0755tyw3vfqq.jpg,Kvasir-SEG\masks\cju6ut4l8va6y0755tyw3vfqq.jpg,605,529,3,0.025999,small,False,False,train,2
cju6uy20suzbl0987rzuhz7z9,Kvasir-SEG\images\cju6uy20suzbl0987rzuhz7z9.jpg,Kvasir-SEG\masks\cju6uy20suzbl0987rzuhz7z9.jpg,626,546,3,0.173171,medium,False,False,train,2
cju6uzxk0v83p0801rcwnexdu,Kvasir-SEG\images\cju6uzxk0v83p0801rcwnexdu.jpg,Kvasir-SEG\masks\cju6uzxk0v83p0801rcwnexdu.jpg,626,547,3,0.296503,large,False,False,test,0
cju6v1m1xv07w09870ah3njy1,Kvasir-SEG\images\cju6v1m1xv07w09870ah3njy1.jpg,Kvasir-SEG\masks\cju6v1m1xv07w09870ah3njy1.jpg,565,530,3,0.060695,medium,False,False,test,0
cju6v3bb2v7xo085090blubyw,Kvasir-SEG\images\cju6v3bb2v7xo085090blubyw.jpg,Kvasir-SEG\masks\cju6v3bb2v7xo085090blubyw.jpg,626,547,3,0.118004,medium,False,False,train,1
cju6v4szov55u0871qmqz3v8n,Kvasir-SEG\images\cju6v4szov55u0871qmqz3v8n.jpg,Kvasir-SEG\masks\cju6v4szov55u0871qmqz3v8n.jpg,370,523,3,0.42959,large,False,False,train,3
cju6v5ilsv8hk0850rb5sgh6o,Kvasir-SEG\images\cju6v5ilsv8hk0850rb5sgh6o.jpg,Kvasir-SEG\masks\cju6v5ilsv8hk0850rb5sgh6o.jpg,622,530,3,0.030325,small,False,False,val,1
cju6v6g6kvdw007552x6mb0po,Kvasir-SEG\images\cju6v6g6kvdw007552x6mb0po.jpg,Kvasir-SEG\masks\cju6v6g6kvdw007552x6mb0po.jpg,570,530,3,0.145415,medium,False,False,train,3
cju6vgdmivcvb08018fra5lnv,Kvasir-SEG\images\cju6vgdmivcvb08018fra5lnv.jpg,Kvasir-SEG\masks\cju6vgdmivcvb08018fra5lnv.jpg,571,529,3,0.161859,medium,False,False,train,1
cju6vifjlv55z0987un6y4zdo,Kvasir-SEG\images\cju6vifjlv55z0987un6y4zdo.jpg,Kvasir-SEG\masks\cju6vifjlv55z0987un6y4zdo.jpg,622,529,3,0.614813,large,False,False,train,0
cju6vqarjv7yo0987q4b1btk1,Kvasir-SEG\images\cju6vqarjv7yo0987q4b1btk1.jpg,Kvasir-SEG\masks\cju6vqarjv7yo0987q4b1btk1.jpg,584,529,3,0.113826,medium,False,False,val,3
cju6vrs1ov8cr098788h8gs6j,Kvasir-SEG\images\cju6vrs1ov8cr098788h8gs6j.jpg,Kvasir-SEG\masks\cju6vrs1ov8cr098788h8gs6j.jpg,621,529,3,0.050903,medium,False,False,train,2
cju6vta3kvazg0817qbeppjtm,Kvasir-SEG\images\cju6vta3kvazg0817qbeppjtm.jpg,Kvasir-SEG\masks\cju6vta3kvazg0817qbeppjtm.jpg,622,528,3,0.235354,large,False,False,train,2
cju6vucxvvlda0755j7msqnya,Kvasir-SEG\images\cju6vucxvvlda0755j7msqnya.jpg,Kvasir-SEG\masks\cju6vucxvvlda0755j7msqnya.jpg,626,546,3,0.044699,small,False,False,val,3
cju6vvb8svhed0801jjcquh5e,Kvasir-SEG\images\cju6vvb8svhed0801jjcquh5e.jpg,Kvasir-SEG\masks\cju6vvb8svhed0801jjcquh5e.jpg,604,530,3,0.015122,small,False,False,test,1
cju6vvxsev9y30987kespucdg,Kvasir-SEG\images\cju6vvxsev9y30987kespucdg.jpg,Kvasir-SEG\masks\cju6vvxsev9y30987kespucdg.jpg,620,475,3,0.075134,medium,False,False,train,2
cju6w733bveoz0817e600tw72,Kvasir-SEG\images\cju6w733bveoz0817e600tw72.jpg,Kvasir-SEG\masks\cju6w733bveoz0817e600tw72.jpg,477,530,3,0.094672,medium,False,False,val,1
cju6wi3akvn8r0801px8eligc,Kvasir-SEG\images\cju6wi3akvn8r0801px8eligc.jpg,Kvasir-SEG\masks\cju6wi3akvn8r0801px8eligc.jpg,494,530,3,0.613738,large,False,False,train,0
cju6wjm81vgsc0987enk9n3pr,Kvasir-SEG\images\cju6wjm81vgsc0987enk9n3pr.jpg,Kvasir-SEG\masks\cju6wjm81vgsc0987enk9n3pr.jpg,623,528,3,0.262327,large,False,False,train,4
cju6wll7wvo3y08502pagos8m,Kvasir-SEG\images\cju6wll7wvo3y08502pagos8m.jpg,Kvasir-SEG\masks\cju6wll7wvo3y08502pagos8m.jpg,568,497,3,0.222862,large,False,False,test,3
cju6wn57mvooj0850rp78hhy7,Kvasir-SEG\images\cju6wn57mvooj0850rp78hhy7.jpg,Kvasir-SEG\masks\cju6wn57mvooj0850rp78hhy7.jpg,622,531,3,0.321501,large,False,False,train,2
cju6wt9jvvn500871hjn3t3g0,Kvasir-SEG\images\cju6wt9jvvn500871hjn3t3g0.jpg,Kvasir-SEG\masks\cju6wt9jvvn500871hjn3t3g0.jpg,622,530,3,0.183959,medium,False,False,train,2
cju6wuojavt740818b5qcv3iw,Kvasir-SEG\images\cju6wuojavt740818b5qcv3iw.jpg,Kvasir-SEG\masks\cju6wuojavt740818b5qcv3iw.jpg,599,530,3,0.269846,large,False,False,train,1
cju6x0yqbvxqt0755dhxislgb,Kvasir-SEG\images\cju6x0yqbvxqt0755dhxislgb.jpg,Kvasir-SEG\masks\cju6x0yqbvxqt0755dhxislgb.jpg,622,530,3,0.133868,medium,False,False,val,3
cju6x35ervu2808015c7eoqe4,Kvasir-SEG\images\cju6x35ervu2808015c7eoqe4.jpg,Kvasir-SEG\masks\cju6x35ervu2808015c7eoqe4.jpg,622,530,3,0.200883,large,False,False,test,2
cju6x4t13vyw60755gtcf9ndu,Kvasir-SEG\images\cju6x4t13vyw60755gtcf9ndu.jpg,Kvasir-SEG\masks\cju6x4t13vyw60755gtcf9ndu.jpg,621,529,3,0.21148,large,False,False,val,2
cju6x97w4vwua0850x0997r0a,Kvasir-SEG\images\cju6x97w4vwua0850x0997r0a.jpg,Kvasir-SEG\masks\cju6x97w4vwua0850x0997r0a.jpg,626,547,3,0.07871,medium,False,False,train,3
cju6xa0qmvzun0818xjukgncj,Kvasir-SEG\images\cju6xa0qmvzun0818xjukgncj.jpg,Kvasir-SEG\masks\cju6xa0qmvzun0818xjukgncj.jpg,575,530,3,0.113989,medium,False,False,train,3
cju6xifswvwbo0987nibtdr50,Kvasir-SEG\images\cju6xifswvwbo0987nibtdr50.jpg,Kvasir-SEG\masks\cju6xifswvwbo0987nibtdr50.jpg,618,531,3,0.338294,large,False,False,train,4
cju6xlygpw7bs0818n691jsq4,Kvasir-SEG\images\cju6xlygpw7bs0818n691jsq4.jpg,Kvasir-SEG\masks\cju6xlygpw7bs0818n691jsq4.jpg,570,531,3,0.311339,large,False,False,train,3
cju6xmqd9w0250817l5kxfnsk,Kvasir-SEG\images\cju6xmqd9w0250817l5kxfnsk.jpg,Kvasir-SEG\masks\cju6xmqd9w0250817l5kxfnsk.jpg,494,530,3,0.109969,medium,False,False,train,2
cju6ywm40wdbo0987pbftsvtg,Kvasir-SEG\images\cju6ywm40wdbo0987pbftsvtg.jpg,Kvasir-SEG\masks\cju6ywm40wdbo0987pbftsvtg.jpg,622,528,3,0.147009,medium,False,False,train,2
cju6yxyt0wh080871sqpepu47,Kvasir-SEG\images\cju6yxyt0wh080871sqpepu47.jpg,Kvasir-SEG\masks\cju6yxyt0wh080871sqpepu47.jpg,616,528,3,0.071315,medium,False,False,val,4
cju6yywx1whbb0871ksgfgf9f,Kvasir-SEG\images\cju6yywx1whbb0871ksgfgf9f.jpg,Kvasir-SEG\masks\cju6yywx1whbb0871ksgfgf9f.jpg,622,530,3,0.083859,medium,False,False,train,1
cju6z1bzbwfq50817b2alatvr,Kvasir-SEG\images\cju6z1bzbwfq50817b2alatvr.jpg,Kvasir-SEG\masks\cju6z1bzbwfq50817b2alatvr.jpg,626,547,3,0.424941,large,False,False,train,1
cju6z2616wqbk07555bvnuyr1,Kvasir-SEG\images\cju6z2616wqbk07555bvnuyr1.jpg,Kvasir-SEG\masks\cju6z2616wqbk07555bvnuyr1.jpg,554,531,3,0.093876,medium,False,False,train,4
cju6z600qwh4z081700qimgl9,Kvasir-SEG\images\cju6z600qwh4z081700qimgl9.jpg,Kvasir-SEG\masks\cju6z600qwh4z081700qimgl9.jpg,612,530,3,0.047743,small,False,False,train,0
cju6z7e4bwgdd0987ogkzq9kt,Kvasir-SEG\images\cju6z7e4bwgdd0987ogkzq9kt.jpg,Kvasir-SEG\masks\cju6z7e4bwgdd0987ogkzq9kt.jpg,623,528,3,0.147347,medium,False,False,train,4
cju6z9a9kwsl007552s49rx6i,Kvasir-SEG\images\cju6z9a9kwsl007552s49rx6i.jpg,Kvasir-SEG\masks\cju6z9a9kwsl007552s49rx6i.jpg,622,528,3,0.155735,medium,False,False,train,0
cju76erapykj30871x5eaxh4q,Kvasir-SEG\images\cju76erapykj30871x5eaxh4q.jpg,Kvasir-SEG\masks\cju76erapykj30871x5eaxh4q.jpg,621,529,3,0.21,large,False,False,train,3
cju76l27oyrw907551ri2a7fl,Kvasir-SEG\images\cju76l27oyrw907551ri2a7fl.jpg,Kvasir-SEG\masks\cju76l27oyrw907551ri2a7fl.jpg,396,480,3,0.260832,large,False,False,train,1
cju76lsehyia10987u54vn8rb,Kvasir-SEG\images\cju76lsehyia10987u54vn8rb.jpg,Kvasir-SEG\masks\cju76lsehyia10987u54vn8rb.jpg,622,546,3,0.055481,medium,False,False,train,1
cju76o55nymqd0871h31sph9w,Kvasir-SEG\images\cju76o55nymqd0871h31sph9w.jpg,Kvasir-SEG\masks\cju76o55nymqd0871h31sph9w.jpg,600,529,3,0.006506,small,False,False,train,1
cju77196iyshb0850ycbto50a,Kvasir-SEG\images\cju77196iyshb0850ycbto50a.jpg,Kvasir-SEG\masks\cju77196iyshb0850ycbto50a.jpg,622,529,3,0.268695,large,False,False,train,0
cju772304yw5t0818vbw8kkjf,Kvasir-SEG\images\cju772304yw5t0818vbw8kkjf.jpg,Kvasir-SEG\masks\cju772304yw5t0818vbw8kkjf.jpg,622,546,3,0.058811,medium,False,False,train,2
cju773hsyyosz0817pk1e7sjq,Kvasir-SEG\images\cju773hsyyosz0817pk1e7sjq.jpg,Kvasir-SEG\masks\cju773hsyyosz0817pk1e7sjq.jpg,618,530,3,0.108384,medium,False,False,train,1
cju774fmayxif0818u2g79usw,Kvasir-SEG\images\cju774fmayxif0818u2g79usw.jpg,Kvasir-SEG\masks\cju774fmayxif0818u2g79usw.jpg,622,530,3,0.058284,medium,False,False,train,2
cju7787c5yy3l080159mwqsnj,Kvasir-SEG\images\cju7787c5yy3l080159mwqsnj.jpg,Kvasir-SEG\masks\cju7787c5yy3l080159mwqsnj.jpg,622,530,3,0.056522,medium,False,False,val,2
cju77afzlz3kp07550x5nafzs,Kvasir-SEG\images\cju77afzlz3kp07550x5nafzs.jpg,Kvasir-SEG\masks\cju77afzlz3kp07550x5nafzs.jpg,622,528,3,0.549934,large,False,False,train,3
cju77b3wyz4160755qis4ljsb,Kvasir-SEG\images\cju77b3wyz4160755qis4ljsb.jpg,Kvasir-SEG\masks\cju77b3wyz4160755qis4ljsb.jpg,571,530,3,0.042309,small,False,False,train,1
cju77bvg0yv4r0987yh60xmjo,Kvasir-SEG\images\cju77bvg0yv4r0987yh60xmjo.jpg,Kvasir-SEG\masks\cju77bvg0yv4r0987yh60xmjo.jpg,616,546,3,0.077027,medium,False,False,train,3
cju77g99iyxc00817zqi2ppor,Kvasir-SEG\images\cju77g99iyxc00817zqi2ppor.jpg,Kvasir-SEG\masks\cju77g99iyxc00817zqi2ppor.jpg,620,531,3,0.269923,large,False,False,test,2
cju77idwfz36d0871tzfzz51i,Kvasir-SEG\images\cju77idwfz36d0871tzfzz51i.jpg,Kvasir-SEG\masks\cju77idwfz36d0871tzfzz51i.jpg,605,528,3,0.189898,medium,False,False,train,0
cju77j66ez52p08019xygi0co,Kvasir-SEG\images\cju77j66ez52p08019xygi0co.jpg,Kvasir-SEG\masks\cju77j66ez52p08019xygi0co.jpg,613,530,3,0.031297,small,False,False,train,1
cju77k828z46w0871r0avuoo9,Kvasir-SEG\images\cju77k828z46w0871r0avuoo9.jpg,Kvasir-SEG\masks\cju77k828z46w0871r0avuoo9.jpg,622,530,3,0.096675,medium,False,False,train,3
cju77q10sz9ug0801449wu1nu,Kvasir-SEG\images\cju77q10sz9ug0801449wu1nu.jpg,Kvasir-SEG\masks\cju77q10sz9ug0801449wu1nu.jpg,608,528,3,0.101812,medium,False,False,test,4
cju77re6fz5bb0817vp9redjg,Kvasir-SEG\images\cju77re6fz5bb0817vp9redjg.jpg,Kvasir-SEG\masks\cju77re6fz5bb0817vp9redjg.jpg,443,530,3,0.090353,medium,False,False,train,2
cju77t0razbvm080106o56289,Kvasir-SEG\images\cju77t0razbvm080106o56289.jpg,Kvasir-SEG\masks\cju77t0razbvm080106o56289.jpg,570,528,3,0.559875,large,False,False,train,0
cju77u1sjz77b0817ft44r3fk,Kvasir-SEG\images\cju77u1sjz77b0817ft44r3fk.jpg,Kvasir-SEG\masks\cju77u1sjz77b0817ft44r3fk.jpg,622,531,3,0.116958,medium,False,False,test,1
cju77vvcwzcm50850lzoykuva,Kvasir-SEG\images\cju77vvcwzcm50850lzoykuva.jpg,Kvasir-SEG\masks\cju77vvcwzcm50850lzoykuva.jpg,618,529,3,0.078202,medium,False,False,train,0
cju783tmkzkqu081803g7q5vk,Kvasir-SEG\images\cju783tmkzkqu081803g7q5vk.jpg,Kvasir-SEG\masks\cju783tmkzkqu081803g7q5vk.jpg,618,494,3,0.11432,medium,False,False,train,0
cju784jpdzeae0987q5ypq883,Kvasir-SEG\images\cju784jpdzeae0987q5ypq883.jpg,Kvasir-SEG\masks\cju784jpdzeae0987q5ypq883.jpg,580,531,3,0.109212,medium,False,False,train,1
cju785htizjzo08017tvlhtg4,Kvasir-SEG\images\cju785htizjzo08017tvlhtg4.jpg,Kvasir-SEG\masks\cju785htizjzo08017tvlhtg4.jpg,546,530,3,0.102416,medium,False,False,test,0
cju787jnjzjuj0871p94nck9g,Kvasir-SEG\images\cju787jnjzjuj0871p94nck9g.jpg,Kvasir-SEG\masks\cju787jnjzjuj0871p94nck9g.jpg,626,546,3,0.126122,medium,False,False,train,0
cju7adqyj1jcx08712r1ro5gx,Kvasir-SEG\images\cju7adqyj1jcx08712r1ro5gx.jpg,Kvasir-SEG\masks\cju7adqyj1jcx08712r1ro5gx.jpg,622,480,3,0.278859,large,False,False,train,2
cju7ae7bq1f820987toc8si1d,Kvasir-SEG\images\cju7ae7bq1f820987toc8si1d.jpg,Kvasir-SEG\masks\cju7ae7bq1f820987toc8si1d.jpg,509,530,3,0.036687,small,False,False,train,4
cju7aez2x1jtj0871ztezs3oi,Kvasir-SEG\images\cju7aez2x1jtj0871ztezs3oi.jpg,Kvasir-SEG\masks\cju7aez2x1jtj0871ztezs3oi.jpg,621,510,3,0.028913,small,False,False,train,1
cju7afqon1ip40850ue2308b6,Kvasir-SEG\images\cju7afqon1ip40850ue2308b6.jpg,Kvasir-SEG\masks\cju7afqon1ip40850ue2308b6.jpg,617,528,3,0.047367,small,False,False,test,2
cju7agj961l2r0818z29iq8yn,Kvasir-SEG\images\cju7agj961l2r0818z29iq8yn.jpg,Kvasir-SEG\masks\cju7agj961l2r0818z29iq8yn.jpg,622,530,3,0.064964,medium,False,False,test,4
cju7ahtkb1jr90801jck4kbds,Kvasir-SEG\images\cju7ahtkb1jr90801jck4kbds.jpg,Kvasir-SEG\masks\cju7ahtkb1jr90801jck4kbds.jpg,602,546,3,0.130752,medium,False,False,train,0
cju7aifyo1p3n07552nxjx51f,Kvasir-SEG\images\cju7aifyo1p3n07552nxjx51f.jpg,Kvasir-SEG\masks\cju7aifyo1p3n07552nxjx51f.jpg,622,531,3,0.05868,medium,False,False,test,4
cju7ajnbo1gvm098749rdouk0,Kvasir-SEG\images\cju7ajnbo1gvm098749rdouk0.jpg,Kvasir-SEG\masks\cju7ajnbo1gvm098749rdouk0.jpg,626,546,3,0.226708,large,False,False,train,2
cju7aklv31h4309871m29l4e7,Kvasir-SEG\images\cju7aklv31h4309871m29l4e7.jpg,Kvasir-SEG\masks\cju7aklv31h4309871m29l4e7.jpg,615,529,3,0.102012,medium,False,False,train,2
cju7alcgr1lsr0871riqk84z7,Kvasir-SEG\images\cju7alcgr1lsr0871riqk84z7.jpg,Kvasir-SEG\masks\cju7alcgr1lsr0871riqk84z7.jpg,622,530,3,0.097661,medium,False,False,train,3
cju7amjna1ly40871ugiokehb,Kvasir-SEG\images\cju7amjna1ly40871ugiokehb.jpg,Kvasir-SEG\masks\cju7amjna1ly40871ugiokehb.jpg,552,531,3,0.141809,medium,False,False,train,4
cju7ap09p1kz10850ldccjebj,Kvasir-SEG\images\cju7ap09p1kz10850ldccjebj.jpg,Kvasir-SEG\masks\cju7ap09p1kz10850ldccjebj.jpg,626,546,3,0.049307,small,False,False,train,0
cju7apr0c1qqm0755s7msqot4,Kvasir-SEG\images\cju7apr0c1qqm0755s7msqot4.jpg,Kvasir-SEG\masks\cju7apr0c1qqm0755s7msqot4.jpg,584,530,3,0.132289,medium,False,False,train,1
cju7aqkue1i2k09879uzcpt8r,Kvasir-SEG\images\cju7aqkue1i2k09879uzcpt8r.jpg,Kvasir-SEG\masks\cju7aqkue1i2k09879uzcpt8r.jpg,621,530,3,0.060219,medium,False,False,test,2
cju7arvfe1ldu0850erdmphgj,Kvasir-SEG\images\cju7arvfe1ldu0850erdmphgj.jpg,Kvasir-SEG\masks\cju7arvfe1ldu0850erdmphgj.jpg,622,529,3,0.151992,medium,False,False,train,3
cju7atnm31if40817pqclnjer,Kvasir-SEG\images\cju7atnm31if40817pqclnjer.jpg,Kvasir-SEG\masks\cju7atnm31if40817pqclnjer.jpg,622,531,3,0.16214,medium,False,False,train,4
cju7avvi51iox0817ym55y6tt,Kvasir-SEG\images\cju7avvi51iox0817ym55y6tt.jpg,Kvasir-SEG\masks\cju7avvi51iox0817ym55y6tt.jpg,626,546,3,0.517434,large,False,False,train,0
cju7awzmu1ncs0871hziy65zx,Kvasir-SEG\images\cju7awzmu1ncs0871hziy65zx.jpg,Kvasir-SEG\masks\cju7awzmu1ncs0871hziy65zx.jpg,592,527,3,0.079796,medium,False,False,train,2
cju7azuu31mia0801pf9ib5ed,Kvasir-SEG\images\cju7azuu31mia0801pf9ib5ed.jpg,Kvasir-SEG\masks\cju7azuu31mia0801pf9ib5ed.jpg,605,530,3,0.07007,medium,False,False,test,1
cju7b10ce1mnm08011c5bwyr4,Kvasir-SEG\images\cju7b10ce1mnm08011c5bwyr4.jpg,Kvasir-SEG\masks\cju7b10ce1mnm08011c5bwyr4.jpg,622,530,3,0.170236,medium,False,False,train,1
cju7b1ygu1msd0801hywhy0mc,Kvasir-SEG\images\cju7b1ygu1msd0801hywhy0mc.jpg,Kvasir-SEG\masks\cju7b1ygu1msd0801hywhy0mc.jpg,617,530,3,0.150442,medium,False,False,train,1
cju7b2l561oas0871decgslaf,Kvasir-SEG\images\cju7b2l561oas0871decgslaf.jpg,Kvasir-SEG\masks\cju7b2l561oas0871decgslaf.jpg,569,531,3,0.087721,medium,False,False,train,0
cju7b3f5h1sm40755i572jden,Kvasir-SEG\images\cju7b3f5h1sm40755i572jden.jpg,Kvasir-SEG\masks\cju7b3f5h1sm40755i572jden.jpg,622,531,3,0.146965,medium,False,False,train,1
cju7b4mtw1n9n080186209f3d,Kvasir-SEG\images\cju7b4mtw1n9n080186209f3d.jpg,Kvasir-SEG\masks\cju7b4mtw1n9n080186209f3d.jpg,600,528,3,0.04262,small,False,False,train,4
cju7b5afm1nfw0801xqm8bf8q,Kvasir-SEG\images\cju7b5afm1nfw0801xqm8bf8q.jpg,Kvasir-SEG\masks\cju7b5afm1nfw0801xqm8bf8q.jpg,599,531,3,0.056595,medium,False,False,train,4
cju7b9vcs1luz0987ta60j1dy,Kvasir-SEG\images\cju7b9vcs1luz0987ta60j1dy.jpg,Kvasir-SEG\masks\cju7b9vcs1luz0987ta60j1dy.jpg,626,547,3,0.130815,medium,False,False,train,4
cju7bb3ss1uoo0755pmhyco7t,Kvasir-SEG\images\cju7bb3ss1uoo0755pmhyco7t.jpg,Kvasir-SEG\masks\cju7bb3ss1uoo0755pmhyco7t.jpg,502,529,3,0.169357,medium,False,False,train,4
cju7bc95p1mdm0817yqj5jc6j,Kvasir-SEG\images\cju7bc95p1mdm0817yqj5jc6j.jpg,Kvasir-SEG\masks\cju7bc95p1mdm0817yqj5jc6j.jpg,622,529,3,0.087215,medium,False,False,test,2
cju7bd1qu1mx409877xjxibox,Kvasir-SEG\images\cju7bd1qu1mx409877xjxibox.jpg,Kvasir-SEG\masks\cju7bd1qu1mx409877xjxibox.jpg,570,530,3,0.093714,medium,False,False,train,4
cju7bduyq1rjf08719giru9ho,Kvasir-SEG\images\cju7bduyq1rjf08719giru9ho.jpg,Kvasir-SEG\masks\cju7bduyq1rjf08719giru9ho.jpg,622,508,3,0.119895,medium,False,False,train,3
cju7bf1lp1shi081835vs84lc,Kvasir-SEG\images\cju7bf1lp1shi081835vs84lc.jpg,Kvasir-SEG\masks\cju7bf1lp1shi081835vs84lc.jpg,570,530,3,0.363055,large,False,False,train,3
cju7bfx651qr80801cs7epotb,Kvasir-SEG\images\cju7bfx651qr80801cs7epotb.jpg,Kvasir-SEG\masks\cju7bfx651qr80801cs7epotb.jpg,622,528,3,0.183855,medium,False,False,train,3
cju7bgnvb1sf808717qa799ir,Kvasir-SEG\images\cju7bgnvb1sf808717qa799ir.jpg,Kvasir-SEG\masks\cju7bgnvb1sf808717qa799ir.jpg,590,528,3,0.187323,medium,False,False,val,0
cju7bmi1v1pnj0987pa52jjok,Kvasir-SEG\images\cju7bmi1v1pnj0987pa52jjok.jpg,Kvasir-SEG\masks\cju7bmi1v1pnj0987pa52jjok.jpg,614,530,3,0.134807,medium,False,False,train,1
cju7cl8zm1xcu0817ado0jpas,Kvasir-SEG\images\cju7cl8zm1xcu0817ado0jpas.jpg,Kvasir-SEG\masks\cju7cl8zm1xcu0817ado0jpas.jpg,570,530,3,0.33618,large,False,False,val,3
cju7cp6dw244p0818gncdol4m,Kvasir-SEG\images\cju7cp6dw244p0818gncdol4m.jpg,Kvasir-SEG\masks\cju7cp6dw244p0818gncdol4m.jpg,622,530,3,0.036025,small,False,False,val,0
cju7cq6su27qv075574dir0r3,Kvasir-SEG\images\cju7cq6su27qv075574dir0r3.jpg,Kvasir-SEG\masks\cju7cq6su27qv075574dir0r3.jpg,622,530,3,0.130619,medium,False,False,test,4
cju7crgxa28550755wbsgqkel,Kvasir-SEG\images\cju7crgxa28550755wbsgqkel.jpg,Kvasir-SEG\masks\cju7crgxa28550755wbsgqkel.jpg,622,504,3,0.145521,medium,False,False,train,1
cju7csvlb22fr0850lvm45n3x,Kvasir-SEG\images\cju7csvlb22fr0850lvm45n3x.jpg,Kvasir-SEG\masks\cju7csvlb22fr0850lvm45n3x.jpg,622,530,3,0.294051,large,False,False,train,1
cju7ctvqn25dy08186g442m1r,Kvasir-SEG\images\cju7ctvqn25dy08186g442m1r.jpg,Kvasir-SEG\masks\cju7ctvqn25dy08186g442m1r.jpg,622,531,3,0.138212,medium,False,False,train,3
cju7cue9b232j0801qdzk1ykj,Kvasir-SEG\images\cju7cue9b232j0801qdzk1ykj.jpg,Kvasir-SEG\masks\cju7cue9b232j0801qdzk1ykj.jpg,613,528,3,0.086605,medium,False,False,test,4
cju7cufm7298k0755j09uf3of,Kvasir-SEG\images\cju7cufm7298k0755j09uf3of.jpg,Kvasir-SEG\masks\cju7cufm7298k0755j09uf3of.jpg,614,531,3,0.118196,medium,False,False,train,3
cju7d1tvt25bu08019dvw3uff,Kvasir-SEG\images\cju7d1tvt25bu08019dvw3uff.jpg,Kvasir-SEG\masks\cju7d1tvt25bu08019dvw3uff.jpg,571,531,3,0.278116,large,False,False,train,0
cju7d2q1k27nf08715zshsckt,Kvasir-SEG\images\cju7d2q1k27nf08715zshsckt.jpg,Kvasir-SEG\masks\cju7d2q1k27nf08715zshsckt.jpg,620,530,3,0.218977,large,False,False,train,4
cju7d3oc82cho0755dajlwldz,Kvasir-SEG\images\cju7d3oc82cho0755dajlwldz.jpg,Kvasir-SEG\masks\cju7d3oc82cho0755dajlwldz.jpg,622,529,3,0.17205,medium,False,False,train,0
cju7d4jk723eu0817bqz2n39m,Kvasir-SEG\images\cju7d4jk723eu0817bqz2n39m.jpg,Kvasir-SEG\masks\cju7d4jk723eu0817bqz2n39m.jpg,615,530,3,0.125719,medium,False,False,test,1
cju7d5m0p23kn09871rk7pu3v,Kvasir-SEG\images\cju7d5m0p23kn09871rk7pu3v.jpg,Kvasir-SEG\masks\cju7d5m0p23kn09871rk7pu3v.jpg,563,531,3,0.380331,large,False,False,train,0
cju7d6ux323ze0987xos3srkx,Kvasir-SEG\images\cju7d6ux323ze0987xos3srkx.jpg,Kvasir-SEG\masks\cju7d6ux323ze0987xos3srkx.jpg,621,527,3,0.37378,large,False,False,val,1
cju7d7aut2a2p0818z4uxc6cd,Kvasir-SEG\images\cju7d7aut2a2p0818z4uxc6cd.jpg,Kvasir-SEG\masks\cju7d7aut2a2p0818z4uxc6cd.jpg,621,530,3,0.016957,small,False,False,train,1
cju7d7tly27h408016fyp5nr7,Kvasir-SEG\images\cju7d7tly27h408016fyp5nr7.jpg,Kvasir-SEG\masks\cju7d7tly27h408016fyp5nr7.jpg,528,528,3,0.156189,medium,False,False,train,0
cju7d8m3b2e210755l8fj1yph,Kvasir-SEG\images\cju7d8m3b2e210755l8fj1yph.jpg,Kvasir-SEG\masks\cju7d8m3b2e210755l8fj1yph.jpg,619,528,3,0.270552,large,False,False,train,3
cju7d9seq29zd0871nzl2uu5m,Kvasir-SEG\images\cju7d9seq29zd0871nzl2uu5m.jpg,Kvasir-SEG\masks\cju7d9seq29zd0871nzl2uu5m.jpg,622,528,3,0.22551,large,False,False,train,3
cju7da88w2eod0755wejzynvt,Kvasir-SEG\images\cju7da88w2eod0755wejzynvt.jpg,Kvasir-SEG\masks\cju7da88w2eod0755wejzynvt.jpg,622,484,3,0.034553,small,False,False,train,3
cju7db7lp2f400755tntd1ohf,Kvasir-SEG\images\cju7db7lp2f400755tntd1ohf.jpg,Kvasir-SEG\masks\cju7db7lp2f400755tntd1ohf.jpg,612,522,3,0.263989,large,False,False,val,0
cju7dbppn28nx085097654msi,Kvasir-SEG\images\cju7dbppn28nx085097654msi.jpg,Kvasir-SEG\masks\cju7dbppn28nx085097654msi.jpg,626,546,3,0.295592,large,False,False,train,2
cju7dda8w2br20818zhsuz8s7,Kvasir-SEG\images\cju7dda8w2br20818zhsuz8s7.jpg,Kvasir-SEG\masks\cju7dda8w2br20818zhsuz8s7.jpg,564,530,3,0.367389,large,False,False,val,4
cju7ddtz729960801uazp1knc,Kvasir-SEG\images\cju7ddtz729960801uazp1knc.jpg,Kvasir-SEG\masks\cju7ddtz729960801uazp1knc.jpg,622,528,3,0.172467,medium,False,False,train,2
cju7deifq2fzn0755lc8idyh8,Kvasir-SEG\images\cju7deifq2fzn0755lc8idyh8.jpg,Kvasir-SEG\masks\cju7deifq2fzn0755lc8idyh8.jpg,626,547,3,0.078307,medium,False,False,train,3
cju7dff9529h208503w60lbil,Kvasir-SEG\images\cju7dff9529h208503w60lbil.jpg,Kvasir-SEG\masks\cju7dff9529h208503w60lbil.jpg,619,530,3,0.512028,large,False,False,train,0
cju7dglf226g50987ohbthl19,Kvasir-SEG\images\cju7dglf226g50987ohbthl19.jpg,Kvasir-SEG\masks\cju7dglf226g50987ohbthl19.jpg,621,528,3,0.168872,medium,False,False,train,2
cju7dhpsc2dnn0818025m6857,Kvasir-SEG\images\cju7dhpsc2dnn0818025m6857.jpg,Kvasir-SEG\masks\cju7dhpsc2dnn0818025m6857.jpg,554,531,3,0.491757,large,False,False,test,1
cju7dizi82h2i0755doucgnt3,Kvasir-SEG\images\cju7dizi82h2i0755doucgnt3.jpg,Kvasir-SEG\masks\cju7dizi82h2i0755doucgnt3.jpg,622,529,3,0.075462,medium,False,False,train,0
cju7dlk532dsh0871zvr6qz0r,Kvasir-SEG\images\cju7dlk532dsh0871zvr6qz0r.jpg,Kvasir-SEG\masks\cju7dlk532dsh0871zvr6qz0r.jpg,627,547,3,0.1853,medium,False,False,train,3
cju7dmlgf2ebw0871ieqas5fh,Kvasir-SEG\images\cju7dmlgf2ebw0871ieqas5fh.jpg,Kvasir-SEG\masks\cju7dmlgf2ebw0871ieqas5fh.jpg,608,529,3,0.087118,medium,False,False,val,3
cju7dn24o296i09871qfxb8s2,Kvasir-SEG\images\cju7dn24o296i09871qfxb8s2.jpg,Kvasir-SEG\masks\cju7dn24o296i09871qfxb8s2.jpg,626,547,3,0.148402,medium,False,False,train,2
cju7do8c72dbo0801vxfzxdc4,Kvasir-SEG\images\cju7do8c72dbo0801vxfzxdc4.jpg,Kvasir-SEG\masks\cju7do8c72dbo0801vxfzxdc4.jpg,626,547,3,0.041075,small,False,False,test,0
cju7dp3dw2k4n0755zhe003ad,Kvasir-SEG\images\cju7dp3dw2k4n0755zhe003ad.jpg,Kvasir-SEG\masks\cju7dp3dw2k4n0755zhe003ad.jpg,626,546,3,0.065194,medium,False,False,val,3
cju7dqcwi2dz00850gcmr2ert,Kvasir-SEG\images\cju7dqcwi2dz00850gcmr2ert.jpg,Kvasir-SEG\masks\cju7dqcwi2dz00850gcmr2ert.jpg,622,528,3,0.054525,medium,False,False,val,0
cju7druhp2gp308715i6km7be,Kvasir-SEG\images\cju7druhp2gp308715i6km7be.jpg,Kvasir-SEG\masks\cju7druhp2gp308715i6km7be.jpg,626,546,3,0.322192,large,False,False,test,0
cju7dsrtb2f8i085064kwugfk,Kvasir-SEG\images\cju7dsrtb2f8i085064kwugfk.jpg,Kvasir-SEG\masks\cju7dsrtb2f8i085064kwugfk.jpg,584,530,3,0.083594,medium,False,False,train,2
cju7dtb1e2j0t0818deq51ib3,Kvasir-SEG\images\cju7dtb1e2j0t0818deq51ib3.jpg,Kvasir-SEG\masks\cju7dtb1e2j0t0818deq51ib3.jpg,622,528,3,0.161417,medium,False,False,val,1
cju7dubap2g0w0801fgl42mg9,Kvasir-SEG\images\cju7dubap2g0w0801fgl42mg9.jpg,Kvasir-SEG\masks\cju7dubap2g0w0801fgl42mg9.jpg,623,528,3,0.253213,large,False,False,test,2
cju7dvl5m2n4t0755hlnnjjet,Kvasir-SEG\images\cju7dvl5m2n4t0755hlnnjjet.jpg,Kvasir-SEG\masks\cju7dvl5m2n4t0755hlnnjjet.jpg,537,530,3,0.027708,small,False,False,train,3
cju7dwe282dc309876rco45ts,Kvasir-SEG\images\cju7dwe282dc309876rco45ts.jpg,Kvasir-SEG\masks\cju7dwe282dc309876rco45ts.jpg,622,530,3,0.318437,large,False,False,train,4
cju7dxffn2eam0817qxosfwch,Kvasir-SEG\images\cju7dxffn2eam0817qxosfwch.jpg,Kvasir-SEG\masks\cju7dxffn2eam0817qxosfwch.jpg,626,546,3,0.174341,medium,False,False,train,0
cju7dymur2od30755eg8yv2ht,Kvasir-SEG\images\cju7dymur2od30755eg8yv2ht.jpg,Kvasir-SEG\masks\cju7dymur2od30755eg8yv2ht.jpg,622,530,3,0.140718,medium,False,False,val,4
cju7dz5yy2i7z0801ausi7rna,Kvasir-SEG\images\cju7dz5yy2i7z0801ausi7rna.jpg,Kvasir-SEG\masks\cju7dz5yy2i7z0801ausi7rna.jpg,619,529,3,0.02882,small,False,False,val,2
cju7ea4om2l910801bohqjccy,Kvasir-SEG\images\cju7ea4om2l910801bohqjccy.jpg,Kvasir-SEG\masks\cju7ea4om2l910801bohqjccy.jpg,626,546,3,0.056317,medium,False,False,train,2
cju7ebe962hr409872ovibahw,Kvasir-SEG\images\cju7ebe962hr409872ovibahw.jpg,Kvasir-SEG\masks\cju7ebe962hr409872ovibahw.jpg,622,530,3,0.436729,large,False,False,test,3
cju7ecl9i2i060987xawjp4l0,Kvasir-SEG\images\cju7ecl9i2i060987xawjp4l0.jpg,Kvasir-SEG\masks\cju7ecl9i2i060987xawjp4l0.jpg,622,529,3,0.235565,large,False,False,train,4
cju7eea9b2m0z0801ynqv1fqu,Kvasir-SEG\images\cju7eea9b2m0z0801ynqv1fqu.jpg,Kvasir-SEG\masks\cju7eea9b2m0z0801ynqv1fqu.jpg,1224,1012,3,0.113442,medium,False,False,test,2
cju7efffp2ivf0817etg3jehl,Kvasir-SEG\images\cju7efffp2ivf0817etg3jehl.jpg,Kvasir-SEG\masks\cju7efffp2ivf0817etg3jehl.jpg,626,546,3,0.435713,large,False,False,train,0
cju7ehljc2or70871261br8ai,Kvasir-SEG\images\cju7ehljc2or70871261br8ai.jpg,Kvasir-SEG\masks\cju7ehljc2or70871261br8ai.jpg,569,531,3,0.54559,large,False,False,train,3
cju7ejm2l2ncl0801wq6y84nw,Kvasir-SEG\images\cju7ejm2l2ncl0801wq6y84nw.jpg,Kvasir-SEG\masks\cju7ejm2l2ncl0801wq6y84nw.jpg,626,546,3,0.067997,medium,False,False,train,3
cju7ekbo32pft0871fv7kzwb9,Kvasir-SEG\images\cju7ekbo32pft0871fv7kzwb9.jpg,Kvasir-SEG\masks\cju7ekbo32pft0871fv7kzwb9.jpg,571,521,3,0.030461,small,False,False,train,0
cju7el6xv2k520817qxx9wdr5,Kvasir-SEG\images\cju7el6xv2k520817qxx9wdr5.jpg,Kvasir-SEG\masks\cju7el6xv2k520817qxx9wdr5.jpg,626,546,3,0.252039,large,False,False,train,1
cju7emdni2py40871ivhxjtut,Kvasir-SEG\images\cju7emdni2py40871ivhxjtut.jpg,Kvasir-SEG\masks\cju7emdni2py40871ivhxjtut.jpg,622,529,3,0.354324,large,False,False,train,0
cju7eotqi2qea0871y8yc7tqh,Kvasir-SEG\images\cju7eotqi2qea0871y8yc7tqh.jpg,Kvasir-SEG\masks\cju7eotqi2qea0871y8yc7tqh.jpg,626,546,3,0.65145,large,False,False,train,4
cju7epwj82koz098713apjnzo,Kvasir-SEG\images\cju7epwj82koz098713apjnzo.jpg,Kvasir-SEG\masks\cju7epwj82koz098713apjnzo.jpg,622,528,3,0.071196,medium,False,False,test,3
cju7er4kc2opa0801anuxc0eb,Kvasir-SEG\images\cju7er4kc2opa0801anuxc0eb.jpg,Kvasir-SEG\masks\cju7er4kc2opa0801anuxc0eb.jpg,622,528,3,0.173067,medium,False,False,train,4
cju7es23b2vcp0755gpbm9s7v,Kvasir-SEG\images\cju7es23b2vcp0755gpbm9s7v.jpg,Kvasir-SEG\masks\cju7es23b2vcp0755gpbm9s7v.jpg,584,529,3,0.373718,large,False,False,train,0
cju7et17a2vjk0755e743npl1,Kvasir-SEG\images\cju7et17a2vjk0755e743npl1.jpg,Kvasir-SEG\masks\cju7et17a2vjk0755e743npl1.jpg,626,546,3,0.04053,small,False,False,train,0
cju7etr3y2p4t0801cdzjj8ab,Kvasir-SEG\images\cju7etr3y2p4t0801cdzjj8ab.jpg,Kvasir-SEG\masks\cju7etr3y2p4t0801cdzjj8ab.jpg,623,528,3,0.080588,medium,False,False,train,2
cju7eueum2oqn0850rodmx8zo,Kvasir-SEG\images\cju7eueum2oqn0850rodmx8zo.jpg,Kvasir-SEG\masks\cju7eueum2oqn0850rodmx8zo.jpg,562,530,3,0.084617,medium,False,False,train,3
cju7ev2b12owa08500bpfpwyw,Kvasir-SEG\images\cju7ev2b12owa08500bpfpwyw.jpg,Kvasir-SEG\masks\cju7ev2b12owa08500bpfpwyw.jpg,622,530,3,0.19161,medium,False,False,train,1
cju7evxt12m730987rxivne3x,Kvasir-SEG\images\cju7evxt12m730987rxivne3x.jpg,Kvasir-SEG\masks\cju7evxt12m730987rxivne3x.jpg,510,528,3,0.379122,large,False,False,train,3
cju7ey10f2rvf0871bwbi9x82,Kvasir-SEG\images\cju7ey10f2rvf0871bwbi9x82.jpg,Kvasir-SEG\masks\cju7ey10f2rvf0871bwbi9x82.jpg,622,530,3,0.059155,medium,False,False,val,1
cju7ez7r22qbc08015xfoz2wb,Kvasir-SEG\images\cju7ez7r22qbc08015xfoz2wb.jpg,Kvasir-SEG\masks\cju7ez7r22qbc08015xfoz2wb.jpg,612,530,3,0.329631,large,False,False,train,3
cju7ezs7g2mxm098787atbran,Kvasir-SEG\images\cju7ezs7g2mxm098787atbran.jpg,Kvasir-SEG\masks\cju7ezs7g2mxm098787atbran.jpg,622,530,3,0.047185,small,False,False,train,3
cju7f0ec32txj08184asb8w5f,Kvasir-SEG\images\cju7f0ec32txj08184asb8w5f.jpg,Kvasir-SEG\masks\cju7f0ec32txj08184asb8w5f.jpg,604,445,3,0.066846,medium,False,False,train,1
cju7f4sc62xqj075597xpmuoy,Kvasir-SEG\images\cju7f4sc62xqj075597xpmuoy.jpg,Kvasir-SEG\masks\cju7f4sc62xqj075597xpmuoy.jpg,626,547,3,0.139699,medium,False,False,val,3
cju7f5ghb2r5s0801chwkxxh9,Kvasir-SEG\images\cju7f5ghb2r5s0801chwkxxh9.jpg,Kvasir-SEG\masks\cju7f5ghb2r5s0801chwkxxh9.jpg,1220,1010,3,0.297904,large,False,False,train,4
cju7f6cqy2ur20818t1saazbm,Kvasir-SEG\images\cju7f6cqy2ur20818t1saazbm.jpg,Kvasir-SEG\masks\cju7f6cqy2ur20818t1saazbm.jpg,626,546,3,0.127131,medium,False,False,train,2
cju7f900s2o0k08175gl1giid,Kvasir-SEG\images\cju7f900s2o0k08175gl1giid.jpg,Kvasir-SEG\masks\cju7f900s2o0k08175gl1giid.jpg,622,529,3,0.184246,medium,False,False,train,1
cju7f9umg2olj0987fj5y285w,Kvasir-SEG\images\cju7f9umg2olj0987fj5y285w.jpg,Kvasir-SEG\masks\cju7f9umg2olj0987fj5y285w.jpg,622,529,3,0.146409,medium,False,False,train,4
cju7fazv92ywx0755xov2erga,Kvasir-SEG\images\cju7fazv92ywx0755xov2erga.jpg,Kvasir-SEG\masks\cju7fazv92ywx0755xov2erga.jpg,605,528,3,0.334254,large,False,False,train,2
cju7fbndk2sl608015ravktum,Kvasir-SEG\images\cju7fbndk2sl608015ravktum.jpg,Kvasir-SEG\masks\cju7fbndk2sl608015ravktum.jpg,569,530,3,0.110469,medium,False,False,train,1
cju7fcgbe2z3p07550vaflqdb,Kvasir-SEG\images\cju7fcgbe2z3p07550vaflqdb.jpg,Kvasir-SEG\masks\cju7fcgbe2z3p07550vaflqdb.jpg,620,530,3,0.09518,medium,False,False,train,3
cju7fd6yt2p740987wkr8exo1,Kvasir-SEG\images\cju7fd6yt2p740987wkr8exo1.jpg,Kvasir-SEG\masks\cju7fd6yt2p740987wkr8exo1.jpg,613,530,3,0.030903,small,False,False,train,4
cju7fen322ou10817ziqkob4k,Kvasir-SEG\images\cju7fen322ou10817ziqkob4k.jpg,Kvasir-SEG\masks\cju7fen322ou10817ziqkob4k.jpg,622,528,3,0.118606,medium,False,False,train,4
cju7ff97z2ow40817u2r83my5,Kvasir-SEG\images\cju7ff97z2ow40817u2r83my5.jpg,Kvasir-SEG\masks\cju7ff97z2ow40817u2r83my5.jpg,622,529,3,0.028592,small,False,False,train,3
cju7flevb2wii08188otgs9p2,Kvasir-SEG\images\cju7flevb2wii08188otgs9p2.jpg,Kvasir-SEG\masks\cju7flevb2wii08188otgs9p2.jpg,600,528,3,0.660148,large,False,False,test,1
cju7fmvpk2q170987v6i3ola8,Kvasir-SEG\images\cju7fmvpk2q170987v6i3ola8.jpg,Kvasir-SEG\masks\cju7fmvpk2q170987v6i3ola8.jpg,620,531,3,0.183923,medium,False,False,train,0
cju7fnfv02tt90801djnix9m8,Kvasir-SEG\images\cju7fnfv02tt90801djnix9m8.jpg,Kvasir-SEG\masks\cju7fnfv02tt90801djnix9m8.jpg,622,528,3,0.019028,small,False,False,train,1
cju7fob3x301u0755x985pmmq,Kvasir-SEG\images\cju7fob3x301u0755x985pmmq.jpg,Kvasir-SEG\masks\cju7fob3x301u0755x985pmmq.jpg,577,528,3,0.118356,medium,False,False,train,4
cju7fpfzq2wyf0818xxd1oziv,Kvasir-SEG\images\cju7fpfzq2wyf0818xxd1oziv.jpg,Kvasir-SEG\masks\cju7fpfzq2wyf0818xxd1oziv.jpg,570,530,3,0.206723,large,False,False,train,1
cju7fq7mm2pw508176uk5ugtx,Kvasir-SEG\images\cju7fq7mm2pw508176uk5ugtx.jpg,Kvasir-SEG\masks\cju7fq7mm2pw508176uk5ugtx.jpg,571,506,3,0.301434,large,False,False,train,4
cju7frtqu2xa20818wq8r9fzf,Kvasir-SEG\images\cju7frtqu2xa20818wq8r9fzf.jpg,Kvasir-SEG\masks\cju7frtqu2xa20818wq8r9fzf.jpg,619,531,3,0.177861,medium,False,False,test,2
cju7g7ba42z310987bqzbi2bq,Kvasir-SEG\images\cju7g7ba42z310987bqzbi2bq.jpg,Kvasir-SEG\masks\cju7g7ba42z310987bqzbi2bq.jpg,588,530,3,0.368473,large,False,False,train,4
cju83h9ysjwe808716nt35oah,Kvasir-SEG\images\cju83h9ysjwe808716nt35oah.jpg,Kvasir-SEG\masks\cju83h9ysjwe808716nt35oah.jpg,571,531,3,0.046768,small,False,False,train,2
cju83ipu3jwpx0801z5pvguf8,Kvasir-SEG\images\cju83ipu3jwpx0801z5pvguf8.jpg,Kvasir-SEG\masks\cju83ipu3jwpx0801z5pvguf8.jpg,622,529,3,0.030404,small,False,False,val,3
cju83k8fyjsxr0817d6nxs6r4,Kvasir-SEG\images\cju83k8fyjsxr0817d6nxs6r4.jpg,Kvasir-SEG\masks\cju83k8fyjsxr0817d6nxs6r4.jpg,621,528,3,0.110721,medium,False,False,train,2
cju83kxitjv340987z09m0ezy,Kvasir-SEG\images\cju83kxitjv340987z09m0ezy.jpg,Kvasir-SEG\masks\cju83kxitjv340987z09m0ezy.jpg,626,546,3,0.040261,small,False,False,train,2
cju83mki1jv5w0817kubxm31r,Kvasir-SEG\images\cju83mki1jv5w0817kubxm31r.jpg,Kvasir-SEG\masks\cju83mki1jv5w0817kubxm31r.jpg,625,547,3,0.265688,large,False,False,test,1
cju83nwu1jxte0987h1krpfmv,Kvasir-SEG\images\cju83nwu1jxte0987h1krpfmv.jpg,Kvasir-SEG\masks\cju83nwu1jxte0987h1krpfmv.jpg,621,528,3,0.094182,medium,False,False,train,0
cju83qd0yjyht0817ktkfl268,Kvasir-SEG\images\cju83qd0yjyht0817ktkfl268.jpg,Kvasir-SEG\masks\cju83qd0yjyht0817ktkfl268.jpg,572,531,3,0.420206,large,False,False,val,0
cju83rcnzkbsj0755x5anfrcg,Kvasir-SEG\images\cju83rcnzkbsj0755x5anfrcg.jpg,Kvasir-SEG\masks\cju83rcnzkbsj0755x5anfrcg.jpg,572,529,3,0.091996,medium,False,False,train,4
cju83syhdk6gs0801rf1rekdl,Kvasir-SEG\images\cju83syhdk6gs0801rf1rekdl.jpg,Kvasir-SEG\masks\cju83syhdk6gs0801rf1rekdl.jpg,626,546,3,0.092105,medium,False,False,train,3
cju83u9ftk3ni0987qnhlcinv,Kvasir-SEG\images\cju83u9ftk3ni0987qnhlcinv.jpg,Kvasir-SEG\masks\cju83u9ftk3ni0987qnhlcinv.jpg,576,476,3,0.304108,large,False,False,train,0
cju83vvmik9wa08710yeh7cuk,Kvasir-SEG\images\cju83vvmik9wa08710yeh7cuk.jpg,Kvasir-SEG\masks\cju83vvmik9wa08710yeh7cuk.jpg,570,530,3,0.072003,medium,False,False,test,2
cju83wwn1k55e0850kw6i2d81,Kvasir-SEG\images\cju83wwn1k55e0850kw6i2d81.jpg,Kvasir-SEG\masks\cju83wwn1k55e0850kw6i2d81.jpg,622,527,3,0.070251,medium,False,False,train,4
cju83yddek68q0850d2x7zfkm,Kvasir-SEG\images\cju83yddek68q0850d2x7zfkm.jpg,Kvasir-SEG\masks\cju83yddek68q0850d2x7zfkm.jpg,622,529,3,0.177624,medium,False,False,train,3
cju8402x1kcy70801t6kz6bdi,Kvasir-SEG\images\cju8402x1kcy70801t6kz6bdi.jpg,Kvasir-SEG\masks\cju8402x1kcy70801t6kz6bdi.jpg,626,547,3,0.169577,medium,False,False,val,2
cju8418jhkf7d0818ga2v0xq0,Kvasir-SEG\images\cju8418jhkf7d0818ga2v0xq0.jpg,Kvasir-SEG\masks\cju8418jhkf7d0818ga2v0xq0.jpg,626,546,3,0.413542,large,False,False,train,1
cju8432cmkgq90871cxe4iptl,Kvasir-SEG\images\cju8432cmkgq90871cxe4iptl.jpg,Kvasir-SEG\masks\cju8432cmkgq90871cxe4iptl.jpg,626,546,3,0.300732,large,False,False,val,4
cju843yjskhq30818qre4rwm2,Kvasir-SEG\images\cju843yjskhq30818qre4rwm2.jpg,Kvasir-SEG\masks\cju843yjskhq30818qre4rwm2.jpg,547,437,3,0.054748,medium,False,False,train,1
cju846ec0kj7z08012o10klrb,Kvasir-SEG\images\cju846ec0kj7z08012o10klrb.jpg,Kvasir-SEG\masks\cju846ec0kj7z08012o10klrb.jpg,616,530,3,0.098567,medium,False,False,test,1
cju847pxykriq0755268ktrk2,Kvasir-SEG\images\cju847pxykriq0755268ktrk2.jpg,Kvasir-SEG\masks\cju847pxykriq0755268ktrk2.jpg,606,531,3,0.212809,large,False,False,train,2
cju849c23kgnk0817cgv2hw1e,Kvasir-SEG\images\cju849c23kgnk0817cgv2hw1e.jpg,Kvasir-SEG\masks\cju849c23kgnk0817cgv2hw1e.jpg,622,531,3,0.080471,medium,False,False,train,1
cju84aoa3ktwn0755pfl4gfwd,Kvasir-SEG\images\cju84aoa3ktwn0755pfl4gfwd.jpg,Kvasir-SEG\masks\cju84aoa3ktwn0755pfl4gfwd.jpg,626,547,3,0.343848,large,False,False,val,0
cju84dsvaklpx098750hp83x4,Kvasir-SEG\images\cju84dsvaklpx098750hp83x4.jpg,Kvasir-SEG\masks\cju84dsvaklpx098750hp83x4.jpg,570,530,3,0.382062,large,False,False,test,3
cju84ffdzkrjn08183jh1fxmb,Kvasir-SEG\images\cju84ffdzkrjn08183jh1fxmb.jpg,Kvasir-SEG\masks\cju84ffdzkrjn08183jh1fxmb.jpg,616,529,3,0.076958,medium,False,False,train,4
cju84gpefknwm098714oq8q61,Kvasir-SEG\images\cju84gpefknwm098714oq8q61.jpg,Kvasir-SEG\masks\cju84gpefknwm098714oq8q61.jpg,622,528,3,0.131836,medium,False,False,train,0
cju84hibuktj80871u519o71q,Kvasir-SEG\images\cju84hibuktj80871u519o71q.jpg,Kvasir-SEG\masks\cju84hibuktj80871u519o71q.jpg,622,529,3,0.062819,medium,False,False,val,1
cju84ih17kp5l09876bkooocl,Kvasir-SEG\images\cju84ih17kp5l09876bkooocl.jpg,Kvasir-SEG\masks\cju84ih17kp5l09876bkooocl.jpg,622,531,3,0.110194,medium,False,False,test,2
cju84jdl9kv0i0871eog9b3i9,Kvasir-SEG\images\cju84jdl9kv0i0871eog9b3i9.jpg,Kvasir-SEG\masks\cju84jdl9kv0i0871eog9b3i9.jpg,1348,1070,3,0.215538,large,False,False,val,1
cju84kplnl1y30755ropua1b0,Kvasir-SEG\images\cju84kplnl1y30755ropua1b0.jpg,Kvasir-SEG\masks\cju84kplnl1y30755ropua1b0.jpg,622,528,3,0.489163,large,False,False,train,4
cju8567gdlcbq0801dwwyo2jt,Kvasir-SEG\images\cju8567gdlcbq0801dwwyo2jt.jpg,Kvasir-SEG\masks\cju8567gdlcbq0801dwwyo2jt.jpg,570,530,3,0.300927,large,False,False,train,2
cju857ad0l88m0817qx4cwxnf,Kvasir-SEG\images\cju857ad0l88m0817qx4cwxnf.jpg,Kvasir-SEG\masks\cju857ad0l88m0817qx4cwxnf.jpg,623,529,3,0.127033,medium,False,False,train,3
cju858eswlepn0871pzvdrhj1,Kvasir-SEG\images\cju858eswlepn0871pzvdrhj1.jpg,Kvasir-SEG\masks\cju858eswlepn0871pzvdrhj1.jpg,570,530,3,0.226144,large,False,False,test,4
cju85a8h8llwm07559wxg4t5w,Kvasir-SEG\images\cju85a8h8llwm07559wxg4t5w.jpg,Kvasir-SEG\masks\cju85a8h8llwm07559wxg4t5w.jpg,622,529,3,0.058744,medium,False,False,val,2
cju85bf1algsq0871y9gtlq97,Kvasir-SEG\images\cju85bf1algsq0871y9gtlq97.jpg,Kvasir-SEG\masks\cju85bf1algsq0871y9gtlq97.jpg,475,528,3,0.085024,medium,False,False,train,0
cju85c2d4ln1b0755zz1z3onx,Kvasir-SEG\images\cju85c2d4ln1b0755zz1z3onx.jpg,Kvasir-SEG\masks\cju85c2d4ln1b0755zz1z3onx.jpg,599,531,3,0.013324,small,False,False,train,0
cju85citjlnfm0755i4rk5tqj,Kvasir-SEG\images\cju85citjlnfm0755i4rk5tqj.jpg,Kvasir-SEG\masks\cju85citjlnfm0755i4rk5tqj.jpg,623,547,3,0.023452,small,False,False,train,4
cju85dx63lic408017f0l0400,Kvasir-SEG\images\cju85dx63lic408017f0l0400.jpg,Kvasir-SEG\masks\cju85dx63lic408017f0l0400.jpg,595,528,3,0.030812,small,False,False,train,2
cju85fc11ljr40818edpb0inh,Kvasir-SEG\images\cju85fc11ljr40818edpb0inh.jpg,Kvasir-SEG\masks\cju85fc11ljr40818edpb0inh.jpg,607,528,3,0.318828,large,False,False,test,4
cju85hguellg50818kwu3s8d1,Kvasir-SEG\images\cju85hguellg50818kwu3s8d1.jpg,Kvasir-SEG\masks\cju85hguellg50818kwu3s8d1.jpg,622,528,3,0.399691,large,False,False,train,1
cju85ia1slh220987y7c20sm2,Kvasir-SEG\images\cju85ia1slh220987y7c20sm2.jpg,Kvasir-SEG\masks\cju85ia1slh220987y7c20sm2.jpg,622,528,3,0.073328,medium,False,False,train,4
cju85je7vlht70817c9jcjwi4,Kvasir-SEG\images\cju85je7vlht70817c9jcjwi4.jpg,Kvasir-SEG\masks\cju85je7vlht70817c9jcjwi4.jpg,1220,1011,3,0.358232,large,False,False,train,1
cju85l4yjlops0801fvmnwptf,Kvasir-SEG\images\cju85l4yjlops0801fvmnwptf.jpg,Kvasir-SEG\masks\cju85l4yjlops0801fvmnwptf.jpg,570,531,3,0.350246,large,False,False,val,2
cju85mpuglq8k0818d2it6hzb,Kvasir-SEG\images\cju85mpuglq8k0818d2it6hzb.jpg,Kvasir-SEG\masks\cju85mpuglq8k0818d2it6hzb.jpg,615,546,3,0.18019,medium,False,False,train,3
cju85nr8elly209872w9n5m0s,Kvasir-SEG\images\cju85nr8elly209872w9n5m0s.jpg,Kvasir-SEG\masks\cju85nr8elly209872w9n5m0s.jpg,615,529,3,0.060999,medium,False,False,val,4
cju85omszllp30850b6rm9mi3,Kvasir-SEG\images\cju85omszllp30850b6rm9mi3.jpg,Kvasir-SEG\masks\cju85omszllp30850b6rm9mi3.jpg,622,531,3,0.122513,medium,False,False,test,0
cju85plp7lmkw0850rx42jdpf,Kvasir-SEG\images\cju85plp7lmkw0850rx42jdpf.jpg,Kvasir-SEG\masks\cju85plp7lmkw0850rx42jdpf.jpg,596,530,3,0.306787,large,False,False,train,0
cju85qefyln6v0850szeb9byi,Kvasir-SEG\images\cju85qefyln6v0850szeb9byi.jpg,Kvasir-SEG\masks\cju85qefyln6v0850szeb9byi.jpg,570,529,3,0.384191,large,False,False,val,4
cju85rkbnlo1c08503uxcpax1,Kvasir-SEG\images\cju85rkbnlo1c08503uxcpax1.jpg,Kvasir-SEG\masks\cju85rkbnlo1c08503uxcpax1.jpg,622,531,3,0.17109,medium,False,False,train,3
cju87kbcen2av0987usezo8kn,Kvasir-SEG\images\cju87kbcen2av0987usezo8kn.jpg,Kvasir-SEG\masks\cju87kbcen2av0987usezo8kn.jpg,591,530,3,0.060939,medium,False,False,train,0
cju87li0zn3yb0817kbwgjiz8,Kvasir-SEG\images\cju87li0zn3yb0817kbwgjiz8.jpg,Kvasir-SEG\masks\cju87li0zn3yb0817kbwgjiz8.jpg,562,449,3,0.632937,large,False,False,train,3
cju87mrypnb1e0818scv1mxxg,Kvasir-SEG\images\cju87mrypnb1e0818scv1mxxg.jpg,Kvasir-SEG\masks\cju87mrypnb1e0818scv1mxxg.jpg,615,530,3,0.040785,small,False,False,test,4
cju87nkyrnb970801q84m47yt,Kvasir-SEG\images\cju87nkyrnb970801q84m47yt.jpg,Kvasir-SEG\masks\cju87nkyrnb970801q84m47yt.jpg,620,530,3,0.091649,medium,False,False,train,4
cju87ox0kncom0801b98hqnd2,Kvasir-SEG\images\cju87ox0kncom0801b98hqnd2.jpg,Kvasir-SEG\masks\cju87ox0kncom0801b98hqnd2.jpg,626,546,3,0.065121,medium,False,False,train,2
cju87q6yoneim0871dl4phvkd,Kvasir-SEG\images\cju87q6yoneim0871dl4phvkd.jpg,Kvasir-SEG\masks\cju87q6yoneim0871dl4phvkd.jpg,626,546,3,0.258417,large,False,False,val,4
cju87r56lnkyp0755hz30leew,Kvasir-SEG\images\cju87r56lnkyp0755hz30leew.jpg,Kvasir-SEG\masks\cju87r56lnkyp0755hz30leew.jpg,566,429,3,0.308055,large,False,False,test,3
cju87tyddnnad0755bj0wxahe,Kvasir-SEG\images\cju87tyddnnad0755bj0wxahe.jpg,Kvasir-SEG\masks\cju87tyddnnad0755bj0wxahe.jpg,551,477,3,0.451457,large,False,False,train,0
cju87vqa0ndwg0850onjdz7ol,Kvasir-SEG\images\cju87vqa0ndwg0850onjdz7ol.jpg,Kvasir-SEG\masks\cju87vqa0ndwg0850onjdz7ol.jpg,556,530,3,0.673317,large,False,False,train,3
cju87xn2snfmv0987sc3d9xnq,Kvasir-SEG\images\cju87xn2snfmv0987sc3d9xnq.jpg,Kvasir-SEG\masks\cju87xn2snfmv0987sc3d9xnq.jpg,604,530,3,0.164919,medium,False,False,train,1
cju87z6o6nh73085045bzsx6o,Kvasir-SEG\images\cju87z6o6nh73085045bzsx6o.jpg,Kvasir-SEG\masks\cju87z6o6nh73085045bzsx6o.jpg,622,530,3,0.117218,medium,False,False,val,0
cju87zv8lni0o0850hbbecbq6,Kvasir-SEG\images\cju87zv8lni0o0850hbbecbq6.jpg,Kvasir-SEG\masks\cju87zv8lni0o0850hbbecbq6.jpg,622,528,3,0.014177,small,False,False,val,0
cju8828oxnool0801qno9luhr,Kvasir-SEG\images\cju8828oxnool0801qno9luhr.jpg,Kvasir-SEG\masks\cju8828oxnool0801qno9luhr.jpg,622,528,3,0.190776,medium,False,False,train,0
cju884985nlmx0817vzpax3y4,Kvasir-SEG\images\cju884985nlmx0817vzpax3y4.jpg,Kvasir-SEG\masks\cju884985nlmx0817vzpax3y4.jpg,581,529,3,0.018403,small,False,False,train,3
cju885ikhnmkn09878s2lqtuh,Kvasir-SEG\images\cju885ikhnmkn09878s2lqtuh.jpg,Kvasir-SEG\masks\cju885ikhnmkn09878s2lqtuh.jpg,570,530,3,0.099282,medium,False,False,val,1
cju886ryxnsl50801r93jai7q,Kvasir-SEG\images\cju886ryxnsl50801r93jai7q.jpg,Kvasir-SEG\masks\cju886ryxnsl50801r93jai7q.jpg,622,530,3,0.128087,medium,False,False,train,0
cju887ftknop008177nnjt46y,Kvasir-SEG\images\cju887ftknop008177nnjt46y.jpg,Kvasir-SEG\masks\cju887ftknop008177nnjt46y.jpg,619,528,3,0.036266,small,False,False,val,2
cju888fr7nveu0818r9uwtiit,Kvasir-SEG\images\cju888fr7nveu0818r9uwtiit.jpg,Kvasir-SEG\masks\cju888fr7nveu0818r9uwtiit.jpg,571,530,3,0.13151,medium,False,False,test,0
cju88aq6vo1ij0755c2ey7z7n,Kvasir-SEG\images\cju88aq6vo1ij0755c2ey7z7n.jpg,Kvasir-SEG\masks\cju88aq6vo1ij0755c2ey7z7n.jpg,570,530,3,0.239643,large,False,False,train,4
cju88cddensj00987788yotmg,Kvasir-SEG\images\cju88cddensj00987788yotmg.jpg,Kvasir-SEG\masks\cju88cddensj00987788yotmg.jpg,622,531,3,0.056515,medium,False,False,train,1
cju88evxanv9r08176zkeovec,Kvasir-SEG\images\cju88evxanv9r08176zkeovec.jpg,Kvasir-SEG\masks\cju88evxanv9r08176zkeovec.jpg,570,530,3,0.142929,medium,False,False,train,4
cju88fpm4o0tl0871w1i6a4ds,Kvasir-SEG\images\cju88fpm4o0tl0871w1i6a4ds.jpg,Kvasir-SEG\masks\cju88fpm4o0tl0871w1i6a4ds.jpg,611,423,3,0.023246,small,False,False,train,2
cju88gx09o2vk0818610zody3,Kvasir-SEG\images\cju88gx09o2vk0818610zody3.jpg,Kvasir-SEG\masks\cju88gx09o2vk0818610zody3.jpg,626,547,3,0.069686,medium,False,False,test,2
cju88itqbny720987hxizbj5y,Kvasir-SEG\images\cju88itqbny720987hxizbj5y.jpg,Kvasir-SEG\masks\cju88itqbny720987hxizbj5y.jpg,570,530,3,0.212906,large,False,False,train,4
cju88k75inzyb0850ccv5x3vk,Kvasir-SEG\images\cju88k75inzyb0850ccv5x3vk.jpg,Kvasir-SEG\masks\cju88k75inzyb0850ccv5x3vk.jpg,549,531,3,0.242735,large,False,False,train,3
cju88l66no10s0850rsda7ej1,Kvasir-SEG\images\cju88l66no10s0850rsda7ej1.jpg,Kvasir-SEG\masks\cju88l66no10s0850rsda7ej1.jpg,571,530,3,0.81182,large,False,False,train,1
cju88msmoo3470817m441j4sg,Kvasir-SEG\images\cju88msmoo3470817m441j4sg.jpg,Kvasir-SEG\masks\cju88msmoo3470817m441j4sg.jpg,615,530,3,0.15287,medium,False,False,train,4
cju88nroho44508500129f1nh,Kvasir-SEG\images\cju88nroho44508500129f1nh.jpg,Kvasir-SEG\masks\cju88nroho44508500129f1nh.jpg,621,530,3,0.025692,small,False,False,train,1
cju88oh0po9gq0801nge4tgr1,Kvasir-SEG\images\cju88oh0po9gq0801nge4tgr1.jpg,Kvasir-SEG\masks\cju88oh0po9gq0801nge4tgr1.jpg,604,531,3,0.038288,small,False,False,val,3
cju88q6h6obpd0871ckmiabbo,Kvasir-SEG\images\cju88q6h6obpd0871ckmiabbo.jpg,Kvasir-SEG\masks\cju88q6h6obpd0871ckmiabbo.jpg,626,546,3,0.104334,medium,False,False,train,4
cju88rl5eo94l0850kf5wtrm1,Kvasir-SEG\images\cju88rl5eo94l0850kf5wtrm1.jpg,Kvasir-SEG\masks\cju88rl5eo94l0850kf5wtrm1.jpg,590,530,3,0.298967,large,False,False,train,4
cju88t4fvokxf07558ymyh281,Kvasir-SEG\images\cju88t4fvokxf07558ymyh281.jpg,Kvasir-SEG\masks\cju88t4fvokxf07558ymyh281.jpg,570,530,3,0.052843,medium,False,False,train,3
cju88trl3ogi208716qvti51b,Kvasir-SEG\images\cju88trl3ogi208716qvti51b.jpg,Kvasir-SEG\masks\cju88trl3ogi208716qvti51b.jpg,540,530,3,0.048403,small,False,False,train,2
cju88v2f9oi8w0871hx9auh01,Kvasir-SEG\images\cju88v2f9oi8w0871hx9auh01.jpg,Kvasir-SEG\masks\cju88v2f9oi8w0871hx9auh01.jpg,626,546,3,0.022332,small,False,False,train,2
cju88vx2uoocy075531lc63n3,Kvasir-SEG\images\cju88vx2uoocy075531lc63n3.jpg,Kvasir-SEG\masks\cju88vx2uoocy075531lc63n3.jpg,596,508,3,0.033121,small,False,False,train,1
cju88y1mwoln50871emyfny1g,Kvasir-SEG\images\cju88y1mwoln50871emyfny1g.jpg,Kvasir-SEG\masks\cju88y1mwoln50871emyfny1g.jpg,621,529,3,0.354234,large,False,False,test,0
cju88z8bson4h0871nnd7fdxo,Kvasir-SEG\images\cju88z8bson4h0871nnd7fdxo.jpg,Kvasir-SEG\masks\cju88z8bson4h0871nnd7fdxo.jpg,626,546,3,0.091016,medium,False,False,train,2
cju890guyoiti098753yg6cdu,Kvasir-SEG\images\cju890guyoiti098753yg6cdu.jpg,Kvasir-SEG\masks\cju890guyoiti098753yg6cdu.jpg,626,547,3,0.114026,medium,False,False,train,0
cju8914beokbf0850isxpocrk,Kvasir-SEG\images\cju8914beokbf0850isxpocrk.jpg,Kvasir-SEG\masks\cju8914beokbf0850isxpocrk.jpg,626,547,3,0.020606,small,False,False,train,3
cju892fesoq2g0801n0e0jyia,Kvasir-SEG\images\cju892fesoq2g0801n0e0jyia.jpg,Kvasir-SEG\masks\cju892fesoq2g0801n0e0jyia.jpg,589,546,3,0.214889,large,False,False,train,1
cju893jmdompz0817xn3g1w4h,Kvasir-SEG\images\cju893jmdompz0817xn3g1w4h.jpg,Kvasir-SEG\masks\cju893jmdompz0817xn3g1w4h.jpg,626,547,3,0.161292,medium,False,False,train,2
cju89y9h0puti0818i5yw29e6,Kvasir-SEG\images\cju89y9h0puti0818i5yw29e6.jpg,Kvasir-SEG\masks\cju89y9h0puti0818i5yw29e6.jpg,626,547,3,0.287371,large,False,False,train,4
cju89z6pqpqfx0817mfv8ixjc,Kvasir-SEG\images\cju89z6pqpqfx0817mfv8ixjc.jpg,Kvasir-SEG\masks\cju89z6pqpqfx0817mfv8ixjc.jpg,622,531,3,0.014851,small,False,False,train,1
cju8a1jtvpt9m081712iwkca7,Kvasir-SEG\images\cju8a1jtvpt9m081712iwkca7.jpg,Kvasir-SEG\masks\cju8a1jtvpt9m081712iwkca7.jpg,1348,1070,3,0.18691,medium,False,False,train,4
cju8a2itsq4dv0755ntlovpxe,Kvasir-SEG\images\cju8a2itsq4dv0755ntlovpxe.jpg,Kvasir-SEG\masks\cju8a2itsq4dv0755ntlovpxe.jpg,582,531,3,0.038341,small,False,False,train,0
cju8a3nhbpwnb0850d37fo2na,Kvasir-SEG\images\cju8a3nhbpwnb0850d37fo2na.jpg,Kvasir-SEG\masks\cju8a3nhbpwnb0850d37fo2na.jpg,622,528,3,0.059336,medium,False,False,train,2
cju8a56vxpy780850r45yu4wk,Kvasir-SEG\images\cju8a56vxpy780850r45yu4wk.jpg,Kvasir-SEG\masks\cju8a56vxpy780850r45yu4wk.jpg,584,530,3,0.125291,medium,False,False,val,0
cju8a84g0q76m0818hwiggkod,Kvasir-SEG\images\cju8a84g0q76m0818hwiggkod.jpg,Kvasir-SEG\masks\cju8a84g0q76m0818hwiggkod.jpg,554,529,3,0.461551,large,False,False,train,0
cju8abobpqbir08189u01huru,Kvasir-SEG\images\cju8abobpqbir08189u01huru.jpg,Kvasir-SEG\masks\cju8abobpqbir08189u01huru.jpg,626,547,3,0.107689,medium,False,False,train,2
cju8adb60qbiu080188mxpf8d,Kvasir-SEG\images\cju8adb60qbiu080188mxpf8d.jpg,Kvasir-SEG\masks\cju8adb60qbiu080188mxpf8d.jpg,623,528,3,0.080105,medium,False,False,train,2
cju8aeei7q8k308173n9y4klv,Kvasir-SEG\images\cju8aeei7q8k308173n9y4klv.jpg,Kvasir-SEG\masks\cju8aeei7q8k308173n9y4klv.jpg,606,528,3,0.066207,medium,False,False,train,4
cju8aj01yqeqm0850lhdz3xdw,Kvasir-SEG\images\cju8aj01yqeqm0850lhdz3xdw.jpg,Kvasir-SEG\masks\cju8aj01yqeqm0850lhdz3xdw.jpg,622,531,3,0.210644,large,False,False,train,1
cju8alhigqn2h0801zksudldd,Kvasir-SEG\images\cju8alhigqn2h0801zksudldd.jpg,Kvasir-SEG\masks\cju8alhigqn2h0801zksudldd.jpg,614,528,3,0.29601,large,False,False,train,3
cju8amfdtqi4x09871tygrgqe,Kvasir-SEG\images\cju8amfdtqi4x09871tygrgqe.jpg,Kvasir-SEG\masks\cju8amfdtqi4x09871tygrgqe.jpg,622,530,3,0.133583,medium,False,False,train,0
cju8ando2qqdo0818ck7i1be1,Kvasir-SEG\images\cju8ando2qqdo0818ck7i1be1.jpg,Kvasir-SEG\masks\cju8ando2qqdo0818ck7i1be1.jpg,570,530,3,0.083909,medium,False,False,val,3
cju8apjewqrk00801k5d71gky,Kvasir-SEG\images\cju8apjewqrk00801k5d71gky.jpg,Kvasir-SEG\masks\cju8apjewqrk00801k5d71gky.jpg,451,530,3,0.146187,medium,False,False,train,2
cju8aqq8uqmoq0987hphto9gg,Kvasir-SEG\images\cju8aqq8uqmoq0987hphto9gg.jpg,Kvasir-SEG\masks\cju8aqq8uqmoq0987hphto9gg.jpg,626,546,3,0.265386,large,False,False,train,3
cju8arof2qpf20850ifr1bnqj,Kvasir-SEG\images\cju8arof2qpf20850ifr1bnqj.jpg,Kvasir-SEG\masks\cju8arof2qpf20850ifr1bnqj.jpg,594,530,3,0.152246,medium,False,False,train,0
cju8ashhnquqr0801rwduzt7d,Kvasir-SEG\images\cju8ashhnquqr0801rwduzt7d.jpg,Kvasir-SEG\masks\cju8ashhnquqr0801rwduzt7d.jpg,1220,1011,3,0.072294,medium,False,False,test,1
cju8at3s1qqqx0850hcq8nmnq,Kvasir-SEG\images\cju8at3s1qqqx0850hcq8nmnq.jpg,Kvasir-SEG\masks\cju8at3s1qqqx0850hcq8nmnq.jpg,593,529,3,0.026577,small,False,False,test,0
cju8auylgqx0z0871u4o4db7o,Kvasir-SEG\images\cju8auylgqx0z0871u4o4db7o.jpg,Kvasir-SEG\masks\cju8auylgqx0z0871u4o4db7o.jpg,622,531,3,0.028285,small,False,False,train,1
cju8aw9n1qyg10801jkjlmors,Kvasir-SEG\images\cju8aw9n1qyg10801jkjlmors.jpg,Kvasir-SEG\masks\cju8aw9n1qyg10801jkjlmors.jpg,622,530,3,0.259349,large,False,False,train,4
cju8axq24r4an0755yhv9d4ly,Kvasir-SEG\images\cju8axq24r4an0755yhv9d4ly.jpg,Kvasir-SEG\masks\cju8axq24r4an0755yhv9d4ly.jpg,603,530,3,0.035301,small,False,False,val,2
cju8ayeq7r1fb0818z1junacy,Kvasir-SEG\images\cju8ayeq7r1fb0818z1junacy.jpg,Kvasir-SEG\masks\cju8ayeq7r1fb0818z1junacy.jpg,602,528,3,0.041701,small,False,False,train,0
cju8azmhcr66e0755t61atz72,Kvasir-SEG\images\cju8azmhcr66e0755t61atz72.jpg,Kvasir-SEG\masks\cju8azmhcr66e0755t61atz72.jpg,548,531,3,0.177781,medium,False,False,train,2
cju8b0jr0r2oi0801jiquetd5,Kvasir-SEG\images\cju8b0jr0r2oi0801jiquetd5.jpg,Kvasir-SEG\masks\cju8b0jr0r2oi0801jiquetd5.jpg,621,528,3,0.05734,medium,False,False,train,0
cju8b1v3br45u087189kku66u,Kvasir-SEG\images\cju8b1v3br45u087189kku66u.jpg,Kvasir-SEG\masks\cju8b1v3br45u087189kku66u.jpg,626,546,3,0.245023,large,False,False,test,3
cju8b2rmgr52s0801p54eyflx,Kvasir-SEG\images\cju8b2rmgr52s0801p54eyflx.jpg,Kvasir-SEG\masks\cju8b2rmgr52s0801p54eyflx.jpg,587,530,3,0.166468,medium,False,False,train,3
cju8b3ka8r64u0801fh18hk7l,Kvasir-SEG\images\cju8b3ka8r64u0801fh18hk7l.jpg,Kvasir-SEG\masks\cju8b3ka8r64u0801fh18hk7l.jpg,626,546,3,0.035194,small,False,False,val,1
cju8b4ja9r2s808509d45ma86,Kvasir-SEG\images\cju8b4ja9r2s808509d45ma86.jpg,Kvasir-SEG\masks\cju8b4ja9r2s808509d45ma86.jpg,623,529,3,0.220332,large,False,False,train,3
cju8b542nr81x0871uxnkm9ih,Kvasir-SEG\images\cju8b542nr81x0871uxnkm9ih.jpg,Kvasir-SEG\masks\cju8b542nr81x0871uxnkm9ih.jpg,622,531,3,0.019435,small,False,False,test,3
cju8b5p40r2c60987ofa0mu03,Kvasir-SEG\images\cju8b5p40r2c60987ofa0mu03.jpg,Kvasir-SEG\masks\cju8b5p40r2c60987ofa0mu03.jpg,598,531,3,0.045991,small,False,False,train,4
cju8b6rp0r5st0850184f79xt,Kvasir-SEG\images\cju8b6rp0r5st0850184f79xt.jpg,Kvasir-SEG\masks\cju8b6rp0r5st0850184f79xt.jpg,626,546,3,0.274866,large,False,False,train,2
cju8b7aqtr4a00987coba14b7,Kvasir-SEG\images\cju8b7aqtr4a00987coba14b7.jpg,Kvasir-SEG\masks\cju8b7aqtr4a00987coba14b7.jpg,622,530,3,0.035006,small,False,False,train,3
cju8b8yair65w09878pyqtr96,Kvasir-SEG\images\cju8b8yair65w09878pyqtr96.jpg,Kvasir-SEG\masks\cju8b8yair65w09878pyqtr96.jpg,520,529,3,0.125778,medium,False,False,train,4
cju8bafgqrf4x0818twisk3ea,Kvasir-SEG\images\cju8bafgqrf4x0818twisk3ea.jpg,Kvasir-SEG\masks\cju8bafgqrf4x0818twisk3ea.jpg,531,530,3,0.175067,medium,False,False,val,3
cju8bbznkrf5g0871jncffynk,Kvasir-SEG\images\cju8bbznkrf5g0871jncffynk.jpg,Kvasir-SEG\masks\cju8bbznkrf5g0871jncffynk.jpg,619,531,3,0.227668,large,False,False,train,0
cju8bff9nrfi10850fmfzbf8v,Kvasir-SEG\images\cju8bff9nrfi10850fmfzbf8v.jpg,Kvasir-SEG\masks\cju8bff9nrfi10850fmfzbf8v.jpg,437,529,3,0.110134,medium,False,False,train,4
cju8bgdmqrksy0801tozdmraa,Kvasir-SEG\images\cju8bgdmqrksy0801tozdmraa.jpg,Kvasir-SEG\masks\cju8bgdmqrksy0801tozdmraa.jpg,622,529,3,0.042636,small,False,False,val,3
cju8bh8surexp0987o5pzklk1,Kvasir-SEG\images\cju8bh8surexp0987o5pzklk1.jpg,Kvasir-SEG\masks\cju8bh8surexp0987o5pzklk1.jpg,577,506,3,0.227951,large,False,False,train,2
cju8bi8q7rlmn0871abc5ch8k,Kvasir-SEG\images\cju8bi8q7rlmn0871abc5ch8k.jpg,Kvasir-SEG\masks\cju8bi8q7rlmn0871abc5ch8k.jpg,622,531,3,0.064366,medium,False,False,train,4
cju8bj2ssrmlm0871gc2ug2rs,Kvasir-SEG\images\cju8bj2ssrmlm0871gc2ug2rs.jpg,Kvasir-SEG\masks\cju8bj2ssrmlm0871gc2ug2rs.jpg,469,449,3,0.004739,small,False,False,train,0
cju8bk8oirjhw0817hgkua2w8,Kvasir-SEG\images\cju8bk8oirjhw0817hgkua2w8.jpg,Kvasir-SEG\masks\cju8bk8oirjhw0817hgkua2w8.jpg,575,509,3,0.294531,large,False,False,test,4
cju8bljw9rqk20801kr54akrl,Kvasir-SEG\images\cju8bljw9rqk20801kr54akrl.jpg,Kvasir-SEG\masks\cju8bljw9rqk20801kr54akrl.jpg,621,529,3,0.277262,large,False,False,val,4
cju8bm24yrrdp081829mbo8ic,Kvasir-SEG\images\cju8bm24yrrdp081829mbo8ic.jpg,Kvasir-SEG\masks\cju8bm24yrrdp081829mbo8ic.jpg,626,546,3,0.076587,medium,False,False,train,1
cju8bn7m2rmm70817hgxpb1uq,Kvasir-SEG\images\cju8bn7m2rmm70817hgxpb1uq.jpg,Kvasir-SEG\masks\cju8bn7m2rmm70817hgxpb1uq.jpg,626,547,3,0.223978,large,False,False,train,0
cju8bop5jrsid08716i24fqda,Kvasir-SEG\images\cju8bop5jrsid08716i24fqda.jpg,Kvasir-SEG\masks\cju8bop5jrsid08716i24fqda.jpg,622,531,3,0.073449,medium,False,False,train,0
cju8bpctzrqkr0850zeldv9kt,Kvasir-SEG\images\cju8bpctzrqkr0850zeldv9kt.jpg,Kvasir-SEG\masks\cju8bpctzrqkr0850zeldv9kt.jpg,626,546,3,0.077616,medium,False,False,train,1
cju8bqxxurs6i0850mu7mtef9,Kvasir-SEG\images\cju8bqxxurs6i0850mu7mtef9.jpg,Kvasir-SEG\masks\cju8bqxxurs6i0850mu7mtef9.jpg,600,528,3,0.12892,medium,False,False,train,3
cju8brv16rx7f0818uf5n89pv,Kvasir-SEG\images\cju8brv16rx7f0818uf5n89pv.jpg,Kvasir-SEG\masks\cju8brv16rx7f0818uf5n89pv.jpg,622,529,3,0.026082,small,False,False,train,3
cju8bssulrrcy0987h1vq5060,Kvasir-SEG\images\cju8bssulrrcy0987h1vq5060.jpg,Kvasir-SEG\masks\cju8bssulrrcy0987h1vq5060.jpg,548,531,3,0.183667,medium,False,False,val,1
cju8buos5rz9b08715lfr0f4f,Kvasir-SEG\images\cju8buos5rz9b08715lfr0f4f.jpg,Kvasir-SEG\masks\cju8buos5rz9b08715lfr0f4f.jpg,576,530,3,0.215501,large,False,False,train,0
cju8bw697rwg308177tg8huas,Kvasir-SEG\images\cju8bw697rwg308177tg8huas.jpg,Kvasir-SEG\masks\cju8bw697rwg308177tg8huas.jpg,581,531,3,0.436834,large,False,False,train,2
cju8bysfgrzkl081786jwac09,Kvasir-SEG\images\cju8bysfgrzkl081786jwac09.jpg,Kvasir-SEG\masks\cju8bysfgrzkl081786jwac09.jpg,619,471,3,0.174029,medium,False,False,train,1
cju8bzzy2s66m08016z6mouqt,Kvasir-SEG\images\cju8bzzy2s66m08016z6mouqt.jpg,Kvasir-SEG\masks\cju8bzzy2s66m08016z6mouqt.jpg,622,529,3,0.068168,medium,False,False,test,3
cju8c1a0ws7o208181c6lbsom,Kvasir-SEG\images\cju8c1a0ws7o208181c6lbsom.jpg,Kvasir-SEG\masks\cju8c1a0ws7o208181c6lbsom.jpg,625,546,3,0.3423,large,False,False,train,2
cju8c2rqzs5t80850d0zky5dy,Kvasir-SEG\images\cju8c2rqzs5t80850d0zky5dy.jpg,Kvasir-SEG\masks\cju8c2rqzs5t80850d0zky5dy.jpg,615,490,3,0.311249,large,False,False,train,2
cju8c3xs7sauj0801ieyzezr5,Kvasir-SEG\images\cju8c3xs7sauj0801ieyzezr5.jpg,Kvasir-SEG\masks\cju8c3xs7sauj0801ieyzezr5.jpg,626,546,3,0.226822,large,False,False,train,1
cju8c5223s8j80850b4kealt4,Kvasir-SEG\images\cju8c5223s8j80850b4kealt4.jpg,Kvasir-SEG\masks\cju8c5223s8j80850b4kealt4.jpg,619,529,3,0.071266,medium,False,False,train,3
cju8c5mxls96t0850wvkvsity,Kvasir-SEG\images\cju8c5mxls96t0850wvkvsity.jpg,Kvasir-SEG\masks\cju8c5mxls96t0850wvkvsity.jpg,609,531,3,0.129996,medium,False,False,train,4
cju8c5zcbsdfz0801o5t6jag1,Kvasir-SEG\images\cju8c5zcbsdfz0801o5t6jag1.jpg,Kvasir-SEG\masks\cju8c5zcbsdfz0801o5t6jag1.jpg,626,546,3,0.026214,small,False,False,val,2
cju8c6hnxsdvr0801wn0vrsa6,Kvasir-SEG\images\cju8c6hnxsdvr0801wn0vrsa6.jpg,Kvasir-SEG\masks\cju8c6hnxsdvr0801wn0vrsa6.jpg,617,531,3,0.011074,small,False,False,test,1
cju8c82iosagu0817l74s4m5g,Kvasir-SEG\images\cju8c82iosagu0817l74s4m5g.jpg,Kvasir-SEG\masks\cju8c82iosagu0817l74s4m5g.jpg,626,547,3,0.363496,large,False,False,val,1
cju8c9akjsdjj0850s67uzlxq,Kvasir-SEG\images\cju8c9akjsdjj0850s67uzlxq.jpg,Kvasir-SEG\masks\cju8c9akjsdjj0850s67uzlxq.jpg,570,518,3,0.121168,medium,False,False,val,4
cju8ca4geseia0850i2ru11hw,Kvasir-SEG\images\cju8ca4geseia0850i2ru11hw.jpg,Kvasir-SEG\masks\cju8ca4geseia0850i2ru11hw.jpg,617,529,3,0.091368,medium,False,False,test,2
cju8cattbsivm0818p446wgel,Kvasir-SEG\images\cju8cattbsivm0818p446wgel.jpg,Kvasir-SEG\masks\cju8cattbsivm0818p446wgel.jpg,621,531,3,0.392812,large,False,False,test,1
cju8cbsyssiqj0871gr4jedjp,Kvasir-SEG\images\cju8cbsyssiqj0871gr4jedjp.jpg,Kvasir-SEG\masks\cju8cbsyssiqj0871gr4jedjp.jpg,571,531,3,0.143156,medium,False,False,test,2
cju8cdeazsm8h0801jxifmzur,Kvasir-SEG\images\cju8cdeazsm8h0801jxifmzur.jpg,Kvasir-SEG\masks\cju8cdeazsm8h0801jxifmzur.jpg,626,547,3,0.12722,medium,False,False,test,3
cju8ceacrsqkr0755hdz145es,Kvasir-SEG\images\cju8ceacrsqkr0755hdz145es.jpg,Kvasir-SEG\masks\cju8ceacrsqkr0755hdz145es.jpg,566,492,3,0.039174,small,False,False,train,2
cju8cgi2kspp308011nxdtjp6,Kvasir-SEG\images\cju8cgi2kspp308011nxdtjp6.jpg,Kvasir-SEG\masks\cju8cgi2kspp308011nxdtjp6.jpg,619,530,3,0.02943,small,False,False,train,0
cju8chdlqsu620755azjty1tj,Kvasir-SEG\images\cju8chdlqsu620755azjty1tj.jpg,Kvasir-SEG\masks\cju8chdlqsu620755azjty1tj.jpg,622,530,3,0.105412,medium,False,False,train,2
cju8chxndsre008015uisl4si,Kvasir-SEG\images\cju8chxndsre008015uisl4si.jpg,Kvasir-SEG\masks\cju8chxndsre008015uisl4si.jpg,605,444,3,0.036077,small,False,False,train,4
cju8cj10qsrau0871o2dr6ai1,Kvasir-SEG\images\cju8cj10qsrau0871o2dr6ai1.jpg,Kvasir-SEG\masks\cju8cj10qsrau0871o2dr6ai1.jpg,622,530,3,0.070906,medium,False,False,val,0
cju8clorgsuwn08714toqb7v6,Kvasir-SEG\images\cju8clorgsuwn08714toqb7v6.jpg,Kvasir-SEG\masks\cju8clorgsuwn08714toqb7v6.jpg,570,531,3,0.124452,medium,False,False,train,1
cju8cwy02t9eq08185qn12c02,Kvasir-SEG\images\cju8cwy02t9eq08185qn12c02.jpg,Kvasir-SEG\masks\cju8cwy02t9eq08185qn12c02.jpg,626,547,3,0.129375,medium,False,False,train,1
cju8czvnztbf40871b4m7t78w,Kvasir-SEG\images\cju8czvnztbf40871b4m7t78w.jpg,Kvasir-SEG\masks\cju8czvnztbf40871b4m7t78w.jpg,626,546,3,0.133518,medium,False,False,val,3
cju8d2q30tfhs0801n7lx77xl,Kvasir-SEG\images\cju8d2q30tfhs0801n7lx77xl.jpg,Kvasir-SEG\masks\cju8d2q30tfhs0801n7lx77xl.jpg,614,546,3,0.169641,medium,False,False,val,1
cju8d4jgatgpj0871q2ophhkm,Kvasir-SEG\images\cju8d4jgatgpj0871q2ophhkm.jpg,Kvasir-SEG\masks\cju8d4jgatgpj0871q2ophhkm.jpg,622,531,3,0.145679,medium,False,False,test,4
cju8dic9mtppa0987swn23wbc,Kvasir-SEG\images\cju8dic9mtppa0987swn23wbc.jpg,Kvasir-SEG\masks\cju8dic9mtppa0987swn23wbc.jpg,611,531,3,0.245225,large,False,False,train,4
cju8djdqztu6408506pzhlo18,Kvasir-SEG\images\cju8djdqztu6408506pzhlo18.jpg,Kvasir-SEG\masks\cju8djdqztu6408506pzhlo18.jpg,611,530,3,0.089476,medium,False,False,train,4
cju8dk7eztzup08182yxko5zh,Kvasir-SEG\images\cju8dk7eztzup08182yxko5zh.jpg,Kvasir-SEG\masks\cju8dk7eztzup08182yxko5zh.jpg,623,528,3,0.054803,medium,False,False,train,4
cju8dm2cau2km0818jsv9eeq2,Kvasir-SEG\images\cju8dm2cau2km0818jsv9eeq2.jpg,Kvasir-SEG\masks\cju8dm2cau2km0818jsv9eeq2.jpg,626,547,3,0.117533,medium,False,False,val,1
cju8dn0c3u2v50801k8rvq02f,Kvasir-SEG\images\cju8dn0c3u2v50801k8rvq02f.jpg,Kvasir-SEG\masks\cju8dn0c3u2v50801k8rvq02f.jpg,1348,1070,3,0.313913,large,False,False,val,2
cju8doa16u5gh0818w1ywda3q,Kvasir-SEG\images\cju8doa16u5gh0818w1ywda3q.jpg,Kvasir-SEG\masks\cju8doa16u5gh0818w1ywda3q.jpg,622,529,3,0.718713,large,False,False,train,4
cju8dpa89u6l80818dj6lldh9,Kvasir-SEG\images\cju8dpa89u6l80818dj6lldh9.jpg,Kvasir-SEG\masks\cju8dpa89u6l80818dj6lldh9.jpg,623,529,3,0.119399,medium,False,False,train,2
cju8dqkrqu83i0818ev74qpxq,Kvasir-SEG\images\cju8dqkrqu83i0818ev74qpxq.jpg,Kvasir-SEG\masks\cju8dqkrqu83i0818ev74qpxq.jpg,1348,1070,3,0.596208,large,False,False,test,0
cjyzjzssvd8pq0838f4nolj5l,Kvasir-SEG\images\cjyzjzssvd8pq0838f4nolj5l.jpg,Kvasir-SEG\masks\cjyzjzssvd8pq0838f4nolj5l.jpg,720,576,3,0.034235,small,False,False,val,4
cjyzk8qieoboa0848ogj51wwm,Kvasir-SEG\images\cjyzk8qieoboa0848ogj51wwm.jpg,Kvasir-SEG\masks\cjyzk8qieoboa0848ogj51wwm.jpg,720,576,3,0.473638,large,False,False,train,3
cjyzkmjy8evns070165gf9dmq,Kvasir-SEG\images\cjyzkmjy8evns070165gf9dmq.jpg,Kvasir-SEG\masks\cjyzkmjy8evns070165gf9dmq.jpg,720,576,3,0.097222,medium,False,False,train,2
cjyzkpsbjdsjq07211dfi4sru,Kvasir-SEG\images\cjyzkpsbjdsjq07211dfi4sru.jpg,Kvasir-SEG\masks\cjyzkpsbjdsjq07211dfi4sru.jpg,720,576,3,0.02458,small,False,False,train,1
cjyzl833ndne80838pzuq6ila,Kvasir-SEG\images\cjyzl833ndne80838pzuq6ila.jpg,Kvasir-SEG\masks\cjyzl833ndne80838pzuq6ila.jpg,720,576,3,0.135378,medium,False,False,train,0
cjyzlw7f9faqr070129au64sq,Kvasir-SEG\images\cjyzlw7f9faqr070129au64sq.jpg,Kvasir-SEG\masks\cjyzlw7f9faqr070129au64sq.jpg,720,576,3,0.094071,medium,False,False,train,3
cjyztzaqtrv430848l8xgcerw,Kvasir-SEG\images\cjyztzaqtrv430848l8xgcerw.jpg,Kvasir-SEG\masks\cjyztzaqtrv430848l8xgcerw.jpg,720,576,3,0.196096,medium,False,False,train,3
cjyzu3reghjya0794w7pwoi50,Kvasir-SEG\images\cjyzu3reghjya0794w7pwoi50.jpg,Kvasir-SEG\masks\cjyzu3reghjya0794w7pwoi50.jpg,720,576,3,0.120737,medium,False,False,train,1
cjyzu9th0qt4r0a46pyl4zik0,Kvasir-SEG\images\cjyzu9th0qt4r0a46pyl4zik0.jpg,Kvasir-SEG\masks\cjyzu9th0qt4r0a46pyl4zik0.jpg,720,576,3,0.065992,medium,False,False,train,0
cjyzufihqquiw0a46jatrbwln,Kvasir-SEG\images\cjyzufihqquiw0a46jatrbwln.jpg,Kvasir-SEG\masks\cjyzufihqquiw0a46jatrbwln.jpg,720,576,3,0.396969,large,False,False,train,1
cjyzuio1qgh040763k56deohv,Kvasir-SEG\images\cjyzuio1qgh040763k56deohv.jpg,Kvasir-SEG\masks\cjyzuio1qgh040763k56deohv.jpg,720,576,3,0.012498,small,False,False,train,4
cjyzul1qggwwj07216mhiv5sy,Kvasir-SEG\images\cjyzul1qggwwj07216mhiv5sy.jpg,Kvasir-SEG\masks\cjyzul1qggwwj07216mhiv5sy.jpg,1920,1072,3,0.045657,small,False,False,train,4
cjyzurzvohqnr0794es1itzek,Kvasir-SEG\images\cjyzurzvohqnr0794es1itzek.jpg,Kvasir-SEG\masks\cjyzurzvohqnr0794es1itzek.jpg,720,576,3,0.147362,medium,False,False,val,1
cjz14qsk2wci60794un9ozwmw,Kvasir-SEG\images\cjz14qsk2wci60794un9ozwmw.jpg,Kvasir-SEG\masks\cjz14qsk2wci60794un9ozwmw.jpg,720,576,3,0.109399,medium,False,False,test,3
ck2395w2mb4vu07480otsu6tw,Kvasir-SEG\images\ck2395w2mb4vu07480otsu6tw.jpg,Kvasir-SEG\masks\ck2395w2mb4vu07480otsu6tw.jpg,720,576,3,0.124332,medium,False,False,train,1
ck2bxiswtxuw80838qkisqjwz,Kvasir-SEG\images\ck2bxiswtxuw80838qkisqjwz.jpg,Kvasir-SEG\masks\ck2bxiswtxuw80838qkisqjwz.jpg,621,520,3,0.442388,large,False,False,train,1
ck2bxknhjvs1x0794iogrq49k,Kvasir-SEG\images\ck2bxknhjvs1x0794iogrq49k.jpg,Kvasir-SEG\masks\ck2bxknhjvs1x0794iogrq49k.jpg,603,528,3,0.119802,medium,False,False,train,1
ck2bxlujamu330725szlc2jdu,Kvasir-SEG\images\ck2bxlujamu330725szlc2jdu.jpg,Kvasir-SEG\masks\ck2bxlujamu330725szlc2jdu.jpg,720,576,3,0.037994,small,False,False,train,2
ck2bxpfgxu2mk0748gsh7xelu,Kvasir-SEG\images\ck2bxpfgxu2mk0748gsh7xelu.jpg,Kvasir-SEG\masks\ck2bxpfgxu2mk0748gsh7xelu.jpg,621,531,3,0.066699,medium,False,False,test,0
ck2bxqz3evvg20794iiyv5v2m,Kvasir-SEG\images\ck2bxqz3evvg20794iiyv5v2m.jpg,Kvasir-SEG\masks\ck2bxqz3evvg20794iiyv5v2m.jpg,720,576,3,0.087249,medium,False,False,test,2
ck2bxskgxxzfv08386xkqtqdy,Kvasir-SEG\images\ck2bxskgxxzfv08386xkqtqdy.jpg,Kvasir-SEG\masks\ck2bxskgxxzfv08386xkqtqdy.jpg,585,530,3,0.07093,medium,False,False,train,0
ck2bxw18mmz1k0725litqq2mc,Kvasir-SEG\images\ck2bxw18mmz1k0725litqq2mc.jpg,Kvasir-SEG\masks\ck2bxw18mmz1k0725litqq2mc.jpg,600,528,3,0.305694,large,False,False,test,1
ck2da7fwcjfis07218r1rvm95,Kvasir-SEG\images\ck2da7fwcjfis07218r1rvm95.jpg,Kvasir-SEG\masks\ck2da7fwcjfis07218r1rvm95.jpg,720,576,3,0.037389,small,False,False,test,1
